No.;Time;Comment;Scramble;Date;P.1
1;10.72;;R2 B D2 U2 F D2 F R2 D2 R2 U2 R D2 U2 F D F D2 R' U';2020-12-26 21:32:25;10.72
2;12.56;;U' R2 F' D2 B F L2 B' R2 F L2 B R B D2 R' U B U2 R';2020-12-26 21:33:09;12.56
3;10.81;;L' B R2 D L' B U R U' L D2 R' F2 D2 L' F2 U2 R2 L' B2 R2;2020-12-26 21:33:37;10.81
4;17.37;;R U2 B2 F2 D L2 D U2 R2 U B2 L2 R' U2 L B D' U2 R' F D;2020-12-26 21:34:02;17.37
5;12.94;;L' D L2 B F2 L2 F' U2 R2 U2 L2 F' D2 L D' U2 B2 D' L U';2020-12-26 21:34:53;12.94
6;16.31;;B L2 U' R D2 U2 B2 L' U2 F2 R2 F2 L R' U B' D F' R U F';2020-12-26 21:35:16;16.31
7;13.79;;L' U2 B2 D2 B2 F2 L B2 D2 L R2 U2 F' L2 D R U R B' U L;2020-12-26 21:35:44;13.79
8;14.83;;U2 D2 L' F U2 D2 R D R2 U2 F2 R2 U L2 B2 D F2 L U2;2020-12-26 21:36:07;14.83
9;12.61;;R' U2 R B L' F' L D' F' U' B2 D F2 L2 U R2 U2 F2 B2 D' R2;2020-12-26 21:36:36;12.61
10;13.71;;F2 R2 D2 F2 U2 F2 L2 D2 F' D2 U L' B2 D L' R2 F U R';2020-12-26 21:37:01;13.71
11;13.13;;R2 U F2 L2 D2 B2 U2 F2 U2 R2 U' R F' D U' L B R2 D2 B2 D2;2020-12-26 21:37:34;13.13
12;11.73;;U' D' R2 D2 B R L2 F R2 F2 R2 U2 R2 F2 D2 F2 D L;2020-12-26 21:37:56;11.73
13;14.25;;D2 R F2 R2 F R2 U2 B2 F R2 B2 D2 R2 D' B2 F D' L B2 U2;2020-12-26 21:38:27;14.25
14;14.96;;F' U' F2 R F' L2 B2 D' L' U2 B2 R2 L2 U2 F D2 B L2 B;2020-12-26 21:38:51;14.96
15;10.48;;R2 F' D2 F2 D' L' U' F B R2 F B2 U2 D2 B L2 D2 R2 L' U';2020-12-26 21:39:26;10.48
16;13.54;;U2 D2 L2 U R' D B U' F2 D R2 F2 D L2 D L2 F2 D' B2 L U';2020-12-26 21:39:48;13.54
17;11.49;;F2 L2 D2 F U2 B' D2 F2 L2 U2 F' L' R' U' R F2 R' B2 R B';2020-12-26 21:40:12;11.49
18;12.97;;L' D F2 R2 D2 L B2 R' D2 L' B2 R' U' L B2 L' F R' U2;2020-12-26 21:40:45;12.97
19;13.42;;B2 U2 F2 U' B2 R2 U2 L2 F2 R2 D' L' D' B' L2 B2 R B R2 U2;2020-12-26 21:41:20;13.42
20;14.55;;U2 F2 U' B2 D' F2 U2 F2 L2 U F2 U L D L' R D2 L' B L' U';2020-12-26 21:41:49;14.55
21;12.57;;F2 D' R' F' U B2 R2 D' L' D' L2 U2 L2 D' F2 L2 B2 U F2 U';2020-12-26 21:42:21;12.57
22;13.43;;L2 R2 D U2 F2 D2 R2 U' B2 U' B U' B' R' B2 F' D2 R D2 R2;2020-12-26 21:42:51;13.43
23;13.36;;L U2 R U F R2 D' F D2 R2 D2 L2 B D2 R2 B2 R2 F B2 D' L';2020-12-26 21:43:16;13.36
24;15.12;;R' D' R2 U' R2 B2 R2 U2 L2 U R2 F2 B' L F2 L' U2 F2 U' L';2020-12-26 21:43:42;15.12
25;13.22;;U2 B L' F2 R2 F' U2 B' L2 F' L2 R D B' F R2 U2 B';2020-12-26 21:44:07;13.22
26;12.93;;B2 L2 U' L2 B2 R2 U F2 D B2 L2 D' B' L' U' B' F2 D' L' R' F';2020-12-26 21:44:34;12.93
27;16.71;;B L2 U' R' B2 R' L2 U' D2 F' D2 F2 D2 L2 B2 R2 B2 U2 B' L2;2020-12-26 21:45:02;16.71
28;15.45;;U2 R2 U2 F U2 B' F2 D2 B' L2 D' L R' D2 B' L F D L' F';2020-12-26 21:45:40;15.45
29;11.72;;D' B L2 F' D2 F R2 F D2 F2 U2 B2 U L U R' B' F' U' F L2;2020-12-26 21:46:07;11.72
30;15.50;;U2 F D' L' F' B D B2 R F2 U2 R D2 F2 D2 R' F2 R' F2 U;2020-12-26 21:46:30;15.50
31;11.60;;B2 R2 F D2 R2 D2 F2 R2 F' U2 B' F' L' F' D2 U' R D' R2 D' U';2020-12-26 21:46:57;11.60
32;13.40;;U L' U' R' F2 U2 D' B U' R' B2 U2 D2 R' D2 L' U2 F2 U2 R2;2020-12-26 21:47:37;13.40
33;13.09;;R2 D' L2 F U2 B2 U2 R2 B L2 R2 D2 F' L2 U' B L' D' B2 D F;2020-12-26 21:48:04;13.09
34;9.53;;F' B L' B R2 U F' L' F2 B2 U B2 R2 U2 F2 D' F2 L2 B2 D' F';2020-12-26 21:48:29;9.53
35;13.18;;U' F2 D' L2 R2 D' L2 U B2 D2 B2 U' F' U' F2 L' R2 D' R U' B;2020-12-26 21:48:55;13.18
36;13.91;;R2 F' L2 D2 F L2 B' D2 B2 U' R D' F L' F2 R2 B' F2 L';2020-12-26 21:49:24;13.91
37;14.23;;D2 L2 U2 B2 L2 F2 D' B2 U' R2 B2 U' R' U L B2 U2 L' F L' R;2020-12-26 21:49:48;14.23
38;16.14;;B2 U' D2 F R2 B' L D R L2 U2 D2 R' B2 D2 F2 D2 L2 B2 R U';2020-12-26 21:50:18;16.14
39;13.05;;F D' L2 F2 L2 D U L2 F2 D' U2 L2 U' F L' B U2 R' D L2 U;2020-12-26 21:50:45;13.05
40;13.63;;U2 B U2 R2 F U2 B2 L2 U2 F' L2 F2 D L R U' F' D U' L B;2020-12-26 21:51:08;13.63
41;12.86;;L' F2 U B2 F2 L2 D' B2 D' F2 L2 F2 D' L' D' U' F' L2 D B2 R';2020-12-26 21:51:34;12.86
42;13.62;;B2 L2 F2 D2 U2 L' D2 B2 R U2 B2 D' B' L B2 U' L R' U F';2020-12-26 21:52:06;13.62
43;13.19;;U' F' B' U L' D' L' U R F2 L2 F' D2 R2 L2 B R2 D2 F2 R2 B';2020-12-26 21:52:29;13.19
44;14.46;;L' F B U L2 F2 D' F U2 B' U2 D2 L2 B' R2 F2 R' D';2020-12-26 21:52:51;14.46
45;12.78;;F' R' B' U' L F2 D' B2 L' F2 D2 R F2 D2 L2 U2 D2 F2 L D R';2020-12-26 21:53:20;12.78
46;15.42;;R2 F' B D B' D L' F U' R2 D R2 B2 D' B2 R2 D2 R2 D2 L2;2020-12-26 21:53:43;15.42
47;12.86;;U R2 B L2 D B2 D R2 F2 U2 R2 B2 R2 F D L' U' B2 D2;2020-12-26 21:54:11;12.86
48;13.42;;F2 D2 F2 D2 L B2 L2 F2 U2 R' B2 L U F2 L B F' L' D F;2020-12-26 21:54:34;13.42
49;11.82;;D2 R U' F' U2 B2 L2 F' R2 U2 L2 F2 D2 B' L' D F2 U' L' U L2;2020-12-26 21:55:04;11.82
50;14.25;;L D2 B' R2 B U2 F' R2 D2 F' L2 B U2 R' U' B' D2 R2 D' L';2020-12-26 21:55:28;14.25
51;12.45;;F2 R D2 U2 B2 U2 L' F2 L B2 R2 F2 B U' L' F' U' B' U2 L';2020-12-26 21:55:56;12.45
52;14.19;;R2 U' F2 L2 F2 U' L2 D2 B2 R2 D2 F' R D L' B F2 U' L' U2 R;2020-12-26 21:56:19;14.19
53;16.62;;R2 U R2 U' B2 L2 U R2 U' F D' U' R2 D2 L' B' R U;2020-12-26 21:56:41;16.62
54;12.42;;F2 B' U' D F B2 R F2 U B2 L2 U' R2 L2 F2 U' L2 D' L U2;2020-12-26 21:57:10;12.42
55;12.49;;L D2 R F2 R F2 R F2 L' F2 U2 F2 U' L F2 D2 F R D2 U' R';2020-12-26 21:57:34;12.49
56;13.95;;B' R2 B D2 F2 D2 B U2 F' U2 R2 U' L' R' B' D2 U B' D2 U;2020-12-26 21:58:02;13.95
57;11.25;;U2 R2 D2 R' F2 R' D2 R F2 R' B2 U2 B F D L D2 R' D' U R';2020-12-26 21:58:34;11.25
58;16.32;;F2 R' D' B' D R' D' L F' R B2 R2 D2 F2 D2 F2 L D2 L U2 F2;2020-12-26 21:59:06;16.32
59;11.65;;U F' L2 F U2 L2 B2 L2 F L2 R2 F U' L D B' F2 L' R2 U2;2020-12-26 21:59:34;11.65
60;12.55;;D2 F' B2 L2 U2 R U2 B2 L2 B2 F2 R' D B D2 F L' F2 D';2020-12-26 21:59:58;12.55
61;12.15;;B R U R2 B2 L2 U2 F2 U' R2 U L2 D' L2 F R B' R' F' L B;2020-12-26 22:00:22;12.15
62;12.69;;D' B2 U' F2 D B2 D' B2 R2 U F2 B U2 L U' R2 B' U' F D R;2020-12-26 22:00:51;12.69
63;13.29;;F B2 D L2 B2 L2 U L2 U F2 U2 F2 R B L2 R U' B L F';2020-12-26 22:01:13;13.29
64;13.75;;R' F2 L2 F' D2 B' R2 D2 L2 B' D2 F' L B2 U' F R U2 F2 R2;2020-12-26 22:01:42;13.75
65;17.78;;D' R2 D F2 D' R2 U2 L2 B2 R2 D F' L2 U F' U B2 D R;2020-12-26 22:02:06;17.78
66;13.66;;U F U2 B2 D2 L' U2 R' F U R2 B2 U' L2 D2 B2 U' B2 D' F2;2020-12-26 22:02:34;13.66
67;12.71;;F R' B2 R B U D F' R' B2 R2 B2 D L2 U2 R2 U F2 D F2 U;2020-12-26 22:03:04;12.71
68;13.06;;B2 L' U F2 L' U' B' R' L B2 U2 R2 F D2 R2 F2 R2 L2 B' R2;2020-12-26 22:03:28;13.06
69;13.39;;D2 F2 B' U2 R' F2 B2 U F' U' F2 D2 B2 R2 U2 F2 D F2 U F2;2020-12-26 22:03:54;13.39
70;13.66;;L D B2 R2 D2 R B U2 F2 R B2 U2 D2 R' D2 R' F2 L' F2 B' U;2020-12-26 22:04:19;13.66
71;13.91;;F' U2 F U2 F' D2 L2 B' R2 F' D F U' L B' R F2 R B2 U2;2020-12-26 22:04:43;13.91
72;12.02;;L' U D F R' U F R2 F D2 B2 L2 D B2 L2 D F2 R2 U L2;2020-12-26 22:05:07;12.02
73;12.05;;B2 R2 F2 L2 F2 D' L2 U2 F2 D' B2 F' U L' U2 B2 F D' B L U2;2020-12-26 22:05:33;12.05
74;10.41;;U2 L2 B2 D2 L U2 L' B2 F2 R2 B2 F D2 R D U2 F2 L2 B;2020-12-26 22:05:53;10.41
75;12.25;;B2 F L U2 F2 L B2 L' F2 L2 D2 U' L' B D U' F' D2 L;2020-12-26 22:06:17;12.25
76;13.12;;F2 R2 D R2 U F2 L2 B2 U F2 U' L U2 L D2 F2 D2 B' D2 F2;2020-12-26 22:06:43;13.12
77;10.93;;F L' B R D2 R B2 D' F' U2 D2 F U2 B2 L2 B2 R2 B' L';2020-12-26 22:07:10;10.93
78;14.12;;U2 L D L2 R2 D' F2 R2 U2 F2 R2 U2 B' L' F' U' B2 R U2 B2 D';2020-12-26 22:07:45;14.12
79;9.02;;L' D' L F2 D' B D2 L U F B U2 R2 B2 R2 B L2 F U2 B2 L2;2020-12-26 22:08:12;9.02
80;13.72;;B R2 U2 F2 L2 U L2 D' B2 R2 B2 U' R' D' F' D' B' U2 B' L U2;2020-12-26 22:08:41;13.72
81;12.59;;B2 F2 U F2 D B2 L2 F2 R2 D L' D2 L' D2 U R2 B' D' U R';2020-12-26 22:09:07;12.59
82;10.48;;R' L2 D F2 L2 U' L2 D L2 D L2 D2 L B U L' R' F2 R2 F D';2020-12-26 22:09:30;10.48
83;12.79;;U2 F L2 B2 D2 F R2 D2 F2 U2 F2 D L2 R F L F2 D' L2 F;2020-12-26 22:09:59;12.79
84;9.27;;R' F2 D2 R F2 U' L D2 R2 B R2 L2 D2 F2 R2 B' R2 B' D' F;2020-12-26 22:10:22;9.27
85;12.95;;D' R2 B2 R' U' R' L2 B' L F' R2 F R2 F' U2 B' L2 U2 D2 F2 L2;2020-12-26 22:11:03;12.95
86;11.15;;R B2 F L2 U' L2 D' R2 F2 D' B2 R2 L' U' B' F' L' B2 U' L';2020-12-26 22:11:28;11.15
87;14.30;;D' B' R2 U L2 F2 L2 D' R2 D' U L' F' D L R2 U2 B U';2020-12-26 22:11:53;14.30
88;12.76;;U2 F R2 D F2 D2 B2 U' F2 D B2 D2 R2 F2 R' F2 U' R D2 L B;2020-12-26 22:12:20;12.76
89;14.83;;F' R' F' U2 L2 R2 B2 R2 B R2 D2 L2 D L R D' B' D2 R F';2020-12-26 22:12:43;14.83
90;14.36;;F' D2 U2 L2 F D2 B F2 L2 B2 F' R F L' D2 R2 B' U' F R2;2020-12-26 22:13:12;14.36
91;13.19;;F2 R2 U2 F' D2 B2 L2 D2 B2 F' L2 R' U' F' L B' U' B2 D2 F L;2020-12-26 22:13:41;13.19
92;13.20;;U L2 U2 R2 D' L2 F2 R2 U' L2 U2 B2 F' L B U B F2 U' R F;2020-12-26 22:14:06;13.20
93;14.09;;B2 D B2 L2 U2 B2 R2 D' L2 F2 R2 B2 F' L' B' F' L' B' U' L' U;2020-12-26 22:14:35;14.09
94;13.08;;D2 R' F2 D F2 L D' L2 B U2 F2 D' B2 D' F2 U F2 D' R2 F2 L2;2020-12-26 22:15:00;13.08
95;12.71;;F2 U2 F2 U2 R2 B2 F2 D B2 R2 U' R' D2 U B L2 R U2 B' U2;2020-12-29 19:11:47;12.71
96;15.64;;F' L B2 R' F2 R U2 R' D2 L D2 B2 D' F2 R F D2 B L' U;2020-12-29 19:12:38;15.64
97;12.76;;D F U F' L2 U' B U D B2 U R2 D' R2 D' F2 U' R2;2020-12-29 19:13:08;12.76
98;12.19;;B U2 F U2 L2 B R2 B2 U2 B' L2 F' L D2 F L2 D' F' D' U F2;2020-12-29 19:13:32;12.19
99;11.62;;F2 D' R2 L D' L' U2 F' R' U2 F' B2 U2 R2 F2 D2 R2 B' U2 R2;2020-12-29 19:13:57;11.62
100;11.28;;U2 B D2 F' U2 R2 B' L2 F U2 D L2 R D' B D' B2 U F2;2020-12-29 19:14:22;11.28
101;12.28;;B L2 B D2 U2 F R2 F D2 R2 D' R' B L F2 R B2 D R U';2020-12-29 19:14:51;12.28
102;12.76;;F2 D' B D2 B2 F2 U R2 D L2 F2 L2 R2 D2 B F' L' B' U2 B' R;2020-12-29 19:15:20;12.76
103;13.86;;F' D2 F' L2 R2 F2 U2 F U2 F2 L2 D' B2 F L' R B' L F U;2020-12-29 19:15:48;13.86
104;11.90;;L U2 L U2 R F2 R D2 R U2 F2 R2 D' F2 U F L2 D2 L B' F';2020-12-29 19:16:30;11.90
105;13.29;;L2 R2 F D2 B L2 F' L2 B L2 F' R' D' L2 D' U R2 B' R2 F;2020-12-29 19:16:59;13.29
106;13.49;;D' B2 L2 D2 R B2 D2 R F2 R B2 U2 F R2 U' B' D2 L' F2 L2;2020-12-29 19:17:27;13.49
107;11.69;;D2 R F U2 L2 D2 B2 R2 B U2 F' D2 B' F2 L' D R' B F D B;2020-12-29 19:18:06;11.69
108;13.44;;R2 F2 D2 U2 B U2 F D2 B R2 B2 F' L' U' L R' F' D' R2 U F;2020-12-29 19:18:37;13.44
109;14.71;;R' L2 D R2 B' L' B U' F' U' R2 U' B2 R2 D2 F2 R2 U' F2 B2 D2;2020-12-29 19:19:05;14.71
110;11.51;;B' L2 D2 F2 U' L' D R' F2 U F2 U B2 D F2 D F2 U2 L2 D;2020-12-29 19:20:00;11.51
111;10.15;;U2 D L F D B' L' U2 B U2 R2 D2 R2 L U2 B2 R' U2 L B2;2020-12-29 19:20:23;10.15
112;13.44;;D R L' F B' U2 R B' R2 L2 D R2 B2 L2 U' L2 U F2 R2 B L2;2020-12-29 19:21:33;13.44
113;20.75;;F2 L2 U2 L F2 R D2 F2 R D2 L F' D' L' B' R' D' U L' B U2;2020-12-29 19:21:59;20.75
114;18.19;;U F2 B' L2 F2 U' B' U' L U2 F2 R' U2 L2 D2 F2 L F2 R2;2020-12-29 19:22:33;18.19
115;12.18;;U2 F2 D2 F' L2 F' U2 L2 F2 R2 U' L D2 U' B2 L' U F' D' U;2020-12-29 19:23:02;12.18
116;11.52;;R L2 U2 R D F' D2 B L2 D2 F2 R B2 R F2 L F2 B2 L;2020-12-29 19:23:27;11.52
117;13.92;;R2 U' F2 U2 F2 R2 F2 U R2 D B2 L2 R' U R B' F2 U' F2 L' F';2020-12-29 19:23:52;13.92
118;15.30;;R U' D' R' F L2 U R2 U2 B2 R D2 B2 R' U2 L B2 L U B';2020-12-29 19:24:21;15.30
119;14.89;;B U2 F' L2 F2 D2 L2 B' L2 R2 D2 B L' U' B' L2 F' L2 B' R' U';2020-12-29 19:25:17;14.89
120;11.64;;D F B2 U L2 D' L2 U F2 D' B2 U' L2 R D' B R2 D' F2 L B';2020-12-29 19:26:06;11.64
121;11.74;;D2 L' U2 L2 U2 B U2 F U2 R2 B U2 R2 F U L D' F R2 U' B;2020-12-29 19:26:30;11.74
122;10.30;;L F2 L2 U2 R2 D2 L' F2 L F2 U2 R2 D' B L2 B' L' D' F2 L';2020-12-29 19:26:55;10.30
123;14.94;;R F2 L B' R' U B D' F B R U2 R F2 L F2 D2 F2 L' F2 U2;2020-12-29 19:27:21;14.94
124;13.94;;B' F2 R' B2 L D2 R' D2 B2 R U2 B2 U2 F' U L D F2 D' B';2020-12-29 19:27:49;13.94
125;14.87;;D2 F2 U B2 D L2 D2 F2 D2 B D' L' B' F2 L' U2 B2 U;2020-12-29 19:28:19;14.87
126;15.26;;L2 U' B2 L2 U' F2 U2 F2 U' R2 L B D2 U2 R2 U' B' D' B' R';2020-12-29 19:28:55;15.26
127;10.18;;L D' B2 R2 U R2 F2 R2 U' L2 R' D' F R' U' B' D L' D2;2020-12-29 19:29:26;10.18
128;12.80;;U' R F D L2 U F2 D2 F2 U2 F2 R2 D R' D B' R2 D' F D;2020-12-29 19:29:51;12.80
129;14.19;;B2 D' B' U2 B2 R2 F U2 F2 L2 F R2 F' R U B2 D' U B2 R2;2020-12-29 19:30:14;14.19
130;13.77;;L' B2 D' F2 D' B2 D' B2 L2 B2 U2 L2 B U2 F' U' L' B2 F2 R2 U;2020-12-29 19:30:55;13.77
131;9.65;;D R2 U' B2 U' B2 U L2 F2 U2 F2 B D2 B L B F L D' R' F;2020-12-29 19:31:40;9.65
132;14.21;;R2 B2 L2 R2 F U2 R2 F D2 U2 B2 R' F U L' R2 F R' U2 F;2020-12-29 19:32:08;14.21
133;14.37;;R2 D2 F2 R' D2 R' F2 R B2 U2 D B' U' B2 R' D2 L2 F2 D2;2020-12-29 19:33:16;14.37
134;14.13;;L' D F' B2 R B' L F' D' R2 F2 R2 F' D2 F B2 U2 B' D2 L2 F;2020-12-29 19:33:46;14.13
135;13.25;;D' F' D B2 D' F2 R2 D R2 U' B2 D U2 R' B L U' R D2 R2;2020-12-29 19:34:15;13.25
136;11.46;;U' R2 U' L' B' R B2 D' R U2 B2 L U2 L2 B2 U2 L B2 L F2;2020-12-29 19:34:39;11.46
137;12.54;;U2 B2 U L' F D' B2 U' B' U2 R' D2 R' U2 R' B2 U2 R2 F2 R;2020-12-29 19:35:03;12.54
138;12.43;;D' R F' R' U2 F B2 D B' L2 F' D2 F' D2 L2 D2 F' D2 L;2020-12-29 19:35:30;12.43
139;15.12;;B2 D B2 R2 D' F2 D B2 U F2 L2 R D U2 F' R D' B2 U F';2020-12-29 19:35:54;15.12
140;11.52;;L' U' F2 D L2 D L2 B2 D2 R2 B2 R2 F' R' B' F D2 B' U' B;2020-12-29 19:36:24;11.52
141;13.23;;B2 D B2 U2 F2 L2 F2 U L2 U' R2 D' R' D2 F' L2 B2 D B2 F' L;2020-12-29 19:36:49;13.23
142;13.16;;U2 B' L2 R2 D2 B2 R2 B' U' B L' U' F2 U L' U' L F';2020-12-29 19:37:27;13.16
143;11.00;;L2 F2 R2 F U2 F' D2 U2 F2 L2 F2 L U' F' R2 D' L R' B' L';2020-12-29 19:38:56;11.00
144;17.76;;B U2 B2 R2 F' R2 U2 F R2 B L R D U2 L' U B R2 D R';2020-12-29 19:39:27;17.76
145;16.66;;U' B2 L2 U F2 L2 F2 D' F2 D U B' D2 L B' R' D B' L2 U;2020-12-29 19:40:00;16.66
146;15.61;;U B' R' F U L B U' R F' L2 F U2 F' B2 L2 U2 B2 D2 B' U2;2020-12-29 19:40:38;15.61
147;14.63;;U F2 U2 L F2 R F2 L2 D2 L' F2 R B U L U2 F U L2 D2;2020-12-29 19:41:05;14.63
148;12.53;;R B' D B2 U L2 D2 U' L2 B2 D2 F2 L D2 U' B' U2 F L' U;2020-12-29 19:41:34;12.53
149;12.08;;R2 U B2 D' L2 R2 D F2 L2 F2 U2 L' D' B2 F2 L' B2 F' U' R D';2020-12-29 19:42:01;12.08
150;11.59;;F2 U F L B' U F' L' F' B2 U' R2 B2 U' L2 U' F2 D F2 B2;2020-12-29 19:42:45;11.59
151;11.40;;R2 F2 D R2 U R2 B2 D2 R2 D' U' B R B2 R2 D2 U2 F2 U' R;2020-12-29 19:43:13;11.40
152;10.12;;B2 F2 D' R2 F2 D2 R2 F2 U R2 L' U R U L2 F' D U F2 L;2020-12-29 19:43:35;10.12
153;12.55;;R2 B D2 L2 F' U2 L2 B F U2 R2 B2 R B2 D F' L' U2 F' L2 R;2020-12-29 19:43:59;12.55
154;15.06;;R2 U2 L2 D F' R U2 F L' U2 L' U2 D2 F2 R B2 L2 D2 R D;2020-12-29 19:44:26;15.06
155;13.52;;F L' R2 U' R2 B2 F2 U L2 U F2 D2 U2 R' F2 D L F R2 D R;2020-12-29 19:44:52;13.52
156;13.64;;D' F2 B' R B L F U F' D2 F B2 U2 B2 D2 L2 F D2 F' R2 L;2020-12-29 19:45:18;13.64
157;12.80;;D R U2 D2 B' U F U2 L2 B L2 B R2 U2 F R2 U2 F' D;2020-12-29 19:45:41;12.80
158;11.98;;D F' B2 D2 F2 U2 L B2 R' D2 R B2 R2 U' B2 U L2 B U F';2020-12-29 19:46:11;11.98
159;12.17;;F L2 R2 F' R2 B' L2 R2 F2 D2 R' F' U' F D' B R' B2 R2;2020-12-29 19:46:35;12.17
160;13.07;;U R2 U R2 F2 D' L2 B2 U' L2 D2 R2 F R U2 B' D2 F2 D';2020-12-29 19:47:00;13.07
161;12.29;;U L2 F' L2 F2 D2 B2 F2 R2 D2 F D B2 L D' R' U2 F D';2020-12-29 19:47:33;12.29
162;12.90;;B R2 B2 U2 R2 U2 L2 R2 U' L2 B2 R' D2 B L F2 R2 D R B;2020-12-29 19:47:56;12.90
163;11.40;;B U' B' L2 R2 B R2 F2 D2 F' L2 R2 U2 R' U' R D L B' R2 D;2020-12-29 19:48:21;11.40
164;12.05;;D2 L2 B2 U2 R' F2 L' D2 F2 R F2 L' F' D L' F L2 B' L' U R;2020-12-29 19:48:42;12.05
165;15.24;;D R2 B' U' B' D L B' U R2 U R2 D2 F2 R2 D2 R2 D2;2020-12-29 19:49:06;15.24
166;14.69;;D2 R2 B' L2 B R2 F L2 B2 D2 L2 R' F' R2 B L' B' D' U' L' U';2020-12-29 19:49:59;14.69
167;11.52;;D2 L2 F' U2 L2 R2 F D2 B F' U2 L' R B U2 L D F' R' B2 D2;2020-12-29 19:50:33;11.52
168;13.58;;U' L2 D2 U2 B R2 U2 R2 D2 B L2 D' L' B' R2 B' D B';2020-12-29 19:50:54;13.58
169;13.56;;L D U L2 F2 U' B2 U L2 R2 D F2 R' D' L2 F' L' D2 F L;2020-12-29 19:51:22;13.56
170;11.14;;R2 F2 D' U' L2 B' D R F' U2 B2 D U R' B';2020-12-29 19:51:46;11.14
171;13.28;;R2 F' R B' L U B' U L2 F2 D L2 B2 D L2 B2 R2 D2 L2 B' R';2020-12-29 19:52:16;13.28
172;12.55;;R2 U2 B2 D2 F U2 B L2 U2 B2 D F2 R' U' L U2 R D R2;2020-12-29 19:52:54;12.55
173;16.03;;B' D2 F2 D' L2 U2 R2 B2 L2 D' F2 L F U L2 R' B R2 D' F2;2020-12-29 19:53:19;16.03
174;11.86;;L2 B2 D2 R2 D2 R2 F2 D' F2 D' R2 U' L' B' R2 D' U2 R2 U F U';2020-12-29 19:53:56;11.86
175;13.18;;B2 L F' R2 B D2 B' D2 U2 R2 U2 F' L2 R' U' F' D L R F2;2020-12-29 19:54:25;13.18
176;12.20;;B2 L' D2 L D2 L' B2 F2 R' D2 R' U2 F U' R2 D' B R' B2 D';2020-12-29 19:54:50;12.20
177;11.68;;B2 L D' F L U' F' R U L2 B2 U' D2 F2 D' R2 D F2 R2 D2 B';2020-12-29 19:55:59;11.68
178;14.51;;F2 U2 B L2 B R2 F' D2 R2 D' L' U' B R2 B' D' B' F2;2020-12-29 19:56:24;14.51
179;13.62;;F2 D2 L F2 R' U2 B2 L B2 R' F2 U B2 R2 B R D F' U B;2020-12-29 19:56:52;13.62
180;10.94;;B2 R2 U2 R2 U B2 F2 D' U2 F2 U B D2 L' F' R U' B U2 F D;2020-12-29 19:57:19;10.94
181;12.30;;U' B' D2 B' L2 B2 R2 B L2 U2 B' D2 F2 R' B' D U' F R2;2020-12-29 19:57:45;12.30
182;13.86;;L2 U' R2 F2 U R2 U R2 F2 U2 R B' U2 F' R' F2 D' B U2 R;2020-12-29 19:58:10;13.86
183;13.47;;U' B R' F2 R2 B2 U' F2 D2 B2 U' L2 D2 L U' B L2 R' B2 F';2020-12-29 19:58:35;13.47
184;12.74;;F D' F2 R2 D2 F2 D L2 D R2 F2 R2 B L' F' R2 U' F2 D B R;2020-12-29 19:59:01;12.74
185;13.05;;D' B' L2 D B2 R2 D F2 D2 L2 U' L2 U2 R2 B F2 L' U R F';2020-12-29 19:59:23;13.05
186;13.01;;U2 L2 F2 U' R2 B2 L2 U R2 D U F' L B' D2 B' R' U2 B2 U2;2020-12-29 19:59:48;13.01
187;11.25;;R U' R2 D2 R2 B2 D2 B2 U' F2 U2 F R' D' R2 B' L' R2 D2;2020-12-29 20:00:10;11.25
188;11.25;;R' U2 F2 L2 D2 R2 D2 F2 L2 U' F2 U' F2 L' U F2 L B' U L' D2;2020-12-29 20:00:33;11.25
189;12.75;;U R2 F D2 B2 D2 R2 D2 F' D2 L2 U L B' D2 F U2 R2 D B';2020-12-29 20:01:02;12.75
190;12.86;;D2 R' U' F' L D2 F2 R D R' U2 F2 D2 L B2 U2 B2 R2 F2 R' L2;2020-12-29 20:01:29;12.86
191;14.83;;D' B R2 F' R L' F' D' R2 B2 R B2 R' U2 R2 U2 B2 R L2 D2 U;2020-12-29 20:02:07;14.83
192;15.57;;B2 U R2 U R2 F2 L2 F2 D B2 U' F L' B2 U L' D B2 L' R2;2020-12-29 20:02:37;15.57
193;14.78;;U2 B2 F2 L' D2 R' U2 L2 D2 U2 F L D' U R' F U' F2 R';2020-12-29 20:03:03;14.78
194;12.19;;F2 U B L U F2 D L F D2 F U2 F' D2 F2 D2 R2 B U2 D';2021-01-03 23:53:01;12.19
195;15.55;;B' L' R2 B' F' U2 B2 D2 L2 U2 B' D2 F R D2 U2 B2 D' F2 L';2021-01-03 23:53:43;15.55
196;14.76;;D2 F' D2 F2 U2 F R2 F' R2 D2 F L2 R' D' R D L' U2 B F' R';2021-01-03 23:54:24;14.76
197;14.68;;D L2 D2 B2 D' R2 B2 R2 U' L2 D' L D2 L2 B2 F L B2 F;2021-01-03 23:57:49;14.68
198;16.33;;L2 U' L2 U2 L2 D F2 R2 D L2 F2 L U' F L2 R B' D F2 D;2021-01-03 23:58:18;16.33
199;16.05;;L2 B R B2 F2 L D2 B2 R F2 L' B2 D2 U L' B' L2 R D B';2021-01-03 23:58:49;16.05
200;13.75;;L2 B' U2 F R2 D R' U2 F2 B2 L U2 L' D2 R' U2 R D R';2021-01-03 23:59:19;13.75
201;17.28;;F2 L' D2 R' D2 B2 R2 D2 L' F2 R2 F2 U' F2 D2 F' D F' L2 F' R;2021-01-03 23:59:45;17.28
202;14.58;;U2 R2 U F2 D' L2 R2 D2 F2 R2 F2 L2 F L' D R2 F' R B' L' F;2021-01-04 00:05:38;14.58
203;15.69;;F2 D' L2 B2 D2 B2 U' F2 D' F2 R' D2 L F D2 R' U' F' L;2021-01-04 00:07:38;15.69
204;14.65;;F U' R F U2 D2 B D F2 R' B R2 L2 D2 F L2 B' D2 B L2 B2;2021-01-04 00:08:47;14.65
205;13.68;;F D B' R2 D2 F' L2 F D2 B2 R2 F2 D F D2 R D' R2 D2;2021-01-04 00:09:14;13.68
206;16.86;;B U B L U2 D R' D2 R F' U2 F' D2 B' R2 D2 R2 U2 B R2;2021-01-04 00:09:48;16.86
207;10.06;;D' R L D R2 F' U F D R L U2 F2 R2 L' B2 R2 U2 F2;2021-01-04 00:10:21;10.06
208;17.23;;B2 D B' L F' U D2 L F R' F2 U2 L2 D2 B2 D2 R F2 R2 D2;2021-01-04 00:10:52;17.23
209;13.56;;F2 L' D B2 U' L' F2 B L' F B' D2 B' R2 D2 B' D2 R2 F;2021-01-04 00:11:26;13.56
210;14.84;;L' D2 L2 F2 R2 F' L2 R2 B' U2 F2 R2 F' U' L' U2 B' D L2 B';2021-01-04 00:11:54;14.84
211;14.39;;F2 L2 B2 D2 L' D2 L F2 U2 R U R' F D L' U' R2 B' R;2021-01-04 00:12:26;14.39
212;12.46;;D' R2 D2 F2 L2 F2 U' F2 U' R2 U' F' L D2 B U' B2 U R' F' U2;2021-01-04 00:13:01;12.46
213;15.26;;F' R' U R2 B' U' L2 F U F2 U2 R2 U' D2 B2 D F2 B2 R2 L;2021-01-04 00:13:29;15.26
214;11.41;;R' D R' U' B R' U2 D2 B2 D2 R2 F' D2 R2 B' L2 B L' D' B';2021-01-04 00:14:14;11.41
215;13.59;;D B2 F2 U L2 R2 B2 R2 D' R2 F' R2 U2 R' U B' L2 R' U2;2021-01-04 00:14:35;13.59
216;12.87;;L' F U D F L F' R2 B2 U' R2 U2 L2 D' B2 U' L D';2021-01-04 00:15:00;12.87
217;13.55;;D F2 U2 B2 F2 L' R2 F2 L' R' F2 D2 B2 F' U2 F D2 U' F L R;2021-01-04 00:15:26;13.55
218;14.72;;D2 F2 D2 F2 R2 B2 D' L2 R2 F2 L2 F' D2 U' L' D' R U' B2 F' D';2021-01-04 00:15:54;14.72
219;14.38;;U' D L' U L' D2 B F2 R2 F2 B2 U' L2 D R2 D' R2 B2 D F' L';2021-01-04 00:17:20;14.38
220;16.61;;R F R2 B' L' D R' F' U2 R2 D2 F L2 U2 R2 U2 B' R2 B' D';2021-01-04 00:17:51;16.61
221;11.09;;L2 F' R2 D R2 B' R2 B2 U R2 U2 D2 L U2 R' U2 F2 R2 D2;2021-01-04 00:18:36;11.09
222;12.34;;D' R2 U F' B2 L D2 B' L' U' F2 U R2 U L2 U' F2 U2 R';2021-01-04 00:19:01;12.34
223;13.33;;L2 D2 F D2 B L2 D2 F D2 R2 B2 F' U' L2 U' L U' B D R F;2021-01-04 00:19:45;13.33
224;12.27;;U' B' D F' U2 F R2 F2 L2 D2 F R2 U2 B2 L B' U L2 D2 B L;2021-01-04 00:20:15;12.27
225;10.35;;B2 D2 F2 U L2 R2 U F2 U B2 R2 L B' L D' B2 R' F2 U F;2021-01-04 00:20:52;10.35
226;13.84;;B2 L2 U2 F2 L2 U F2 D B2 D R2 D' F' R U2 L' F' R' D' L2;2021-01-04 00:21:51;13.84
227;12.58;;U L2 D R2 B2 R2 F2 D2 L2 U L2 U L' B F' L R' U B F U2;2021-01-04 00:23:38;12.58
228;12.81;;R2 D' F2 U B2 D' R2 D R2 U' R2 U F' L2 D' L' D2 F2 L2 R2 U2;2021-01-04 00:24:15;12.81
229;13.73;;B2 U2 F2 D2 F2 R2 U' L2 U2 L2 F2 B D F U B' D R' D B' L;2021-01-04 00:25:07;13.73
230;12.08;;R2 F' L2 U2 F' L2 D2 B' L2 B F' U L' U B2 D F' U F';2021-01-04 00:25:33;12.08
231;15.49;;F' D2 F D' R D2 F' L' U2 B' R2 U D' B2 R2 D R2 D' L2 F2 L2;2021-01-04 00:26:41;15.49
232;11.78;;R2 D' B2 L' F2 R' U2 L D2 R D2 F2 D2 F' D' R B' U2 F2 U';2021-01-04 00:27:28;11.78
233;12.26;;R2 D' U2 R2 F2 D2 R2 B2 U2 R2 U R B' F2 L F' R2 U' B' F' D;2021-01-04 00:28:09;12.26
234;16.10;;L2 U L2 D R2 D U2 B2 U' L2 R2 U' F' L2 F' L F L2 F R2 U;2021-01-04 00:28:33;16.10
235;13.59;;B2 L' B2 L2 D2 F2 U R2 U' F2 D F' R2 D2 R2 D U F';2021-01-04 00:30:05;13.59
236;15.30;;F B U2 L B R U' L D R2 B R2 D2 F' D2 L2 F U2 R2 U2;2021-01-04 00:30:46;15.30
237;14.33;;L2 D' F B' L2 D L B' R2 L D2 R' B2 R2 F2 U2 R F2 R' F2 D;2021-01-04 00:31:16;14.33
238;12.04;;B2 L2 D R2 U' B2 D' U2 B2 L2 B2 L B' R F D' L' R B U2;2021-01-04 00:32:01;12.04
239;14.13;;U2 B2 F2 R' D2 U2 B2 R2 U2 R' D B' U' F U F U2 F' D;2021-01-04 00:32:39;14.13
240;14.58;;L D2 L2 R2 F D2 F2 D2 U2 L2 F R2 B R' B' F' D R' D2 R' F;2021-01-04 00:36:26;14.58
241;14.87;;R2 B2 D' B2 F2 L2 D2 U B2 D2 F2 L U B R' D2 B2 U' L' U2;2021-01-04 00:36:56;14.87
242;13.60;;D2 U' L2 U F2 D' B2 L2 F2 D' B2 R' D2 R D2 B2 D' B U';2021-01-04 00:38:02;13.60
243;12.96;;R2 F' B' U2 L B' D' L2 D R2 L2 F B2 R2 L2 B U2 B' D2;2021-01-04 00:38:48;12.96
244;11.40;;U L2 D B2 L2 D2 U' B2 F2 U' B2 U L B F' D B' F2 U2 R' D;2021-01-04 00:39:18;11.40
245;15.20;;R2 U' L2 F2 L D F R B D2 B2 R2 U2 L2 B' R2 U2 F2 D2;2021-01-04 00:39:57;15.20
246;13.32;;B2 L2 B' R U R2 B F2 D2 B2 R2 D L2 U L2 B2 R2 D2 B' U2;2021-01-04 00:41:12;13.32
247;13.42;;B D R' L' U' D B L R2 B2 U D2 B2 D F2 B2 D R2 U' F';2021-01-04 00:41:44;13.42
248;14.74;;R B R U2 L2 B2 U2 F2 D R2 B2 D F2 L2 B' U' L' R U R2 D;2021-01-04 00:42:13;14.74
249;14.71;;L' R2 U' R2 D L2 F2 L2 D' U' R2 U' F' U' R F2 L B' U B' U2;2021-01-04 00:42:47;14.71
250;13.33;;B' D2 L2 F2 U2 L2 R' U2 L2 B2 D L2 F2 R U B U2 B;2021-01-04 00:43:28;13.33
251;12.43;;R F2 U B2 R2 U' L2 D2 U' B2 U F U2 B R2 U' L2 D L;2021-01-04 00:43:50;12.43
252;9.66;;U2 B2 D L2 D L2 F2 D' B2 L2 B' F D U2 R' B F' U F';2021-01-04 00:44:23;9.66
253;14.87;;R F B L D2 F' U' B2 R' D' L2 U B2 D' L2 D2 F2 D F2 B2 R2;2021-01-04 00:47:13;14.87
254;17.92;;R F U B2 U2 B L' U B2 U' B2 D' F2 B2 U' B2 R2 U' R2 B' D;2021-01-04 00:48:44;17.92
255;16.29;;D L2 F2 R2 D2 L2 D' L2 U2 R' B2 F' R U' L D L' U';2021-01-04 00:49:29;16.29
256;15.86;;D' B2 D2 B2 L2 B2 L2 D' R2 B2 F2 U L' B2 R2 U2 B L D B;2021-01-04 00:50:02;15.86
257;13.29;;U R2 B U R2 U B2 U2 B2 F2 L2 U F2 D2 R B U B' L F2 L2;2021-01-04 00:51:23;13.29
258;14.81;;L' F2 U' B' D L' B' L2 U B2 D2 R U2 L' U2 L2 F2 L2 B2 D2 L';2021-01-04 00:51:52;14.81
259;12.05;;F' L2 B' L2 U2 B2 R2 F2 U2 F' L F R' U R F' L U F;2021-01-04 00:52:21;12.05
260;13.87;;B2 U2 R2 B' R2 B2 F2 D2 F2 U L' D2 R F2 D B2 L2 F L;2021-01-04 00:52:46;13.87
261;16.20;;D2 R' F2 U2 B2 D2 R F2 R2 F2 R' F2 D F U F2 L' B2 L B2 R;2021-01-04 00:53:17;16.20
262;14.37;;R2 F D2 R' L' D' L' R2 U' B2 U R2 U D2 R2 F2 B2 D' L;2021-01-04 00:53:47;14.37
263;14.84;;L U2 L' F2 L D2 F2 U2 F2 L2 F2 L2 D B' U' R' B D2 L B2 U';2021-01-04 00:54:42;14.84
264;14.01;;D L F2 D F R' B D' L' F2 L2 D' F2 U' R2 F2 D' R2 D L2 U2;2021-01-04 00:55:23;14.01
265;16.43;;U R2 L F' B2 R' B U B2 U F2 R2 D' R2 U L2 B2 D' B2 F' D;2021-01-04 00:56:45;16.43
266;12.71;;R L2 B2 F2 D2 B2 D B2 U' F2 D' U2 R' F' R' B R2 D B' U R';2021-01-04 00:57:13;12.71
267;13.00;;F' U2 L2 D2 L2 B F2 R2 F' U2 F L' U' L2 D2 R' U' L D' R2;2021-01-04 00:57:40;13.00
268;15.81;;D F' D B L2 F' D2 F U2 L2 F' R2 F' D2 L' R D F' L' U' R2;2021-01-04 00:58:08;15.81
269;12.49;;F L2 F2 D2 L2 U2 F' D2 U2 B R' F R' F2 D F U B2 L B;2021-01-04 00:58:36;12.49
270;10.87;;U2 R' F2 L' B2 R B2 L' D2 L2 F' U B2 U B' L' F2 D2 U';2021-01-04 00:59:03;10.87
271;14.54;;F2 R2 U B2 L' U2 R' D' R2 B' U2 F2 L2 U2 B' U2 L2 U2 R2 F2;2021-01-04 00:59:31;14.54
272;11.13;;U' B2 F L2 U' B2 L2 D2 B2 D' B2 F2 R' B L U F2 U2 F;2021-01-04 00:59:55;11.13
273;13.44;;U' B2 U' R2 U F2 U L2 D2 B2 U' F D' B' F2 U2 R2 U R U2;2021-01-04 01:00:16;13.44
274;12.42;;U L B2 U F2 D B2 L2 D U2 L2 U' F D' L F' D' B2 L;2021-01-04 01:00:42;12.42
275;13.16;;F2 L U2 R U2 R D2 L' U2 L' B2 R2 D L U2 F2 L F' U2 L';2021-01-04 01:01:04;13.16
276;14.22;;D R L U' B' L F' D' R2 B2 L D2 B2 R2 U2 B2 R2 L F';2021-01-04 01:01:31;14.22
277;12.10;;U2 B U2 R U D2 F R L U L2 D' R2 F2 D2 L2 U B2 R2 D B2;2021-01-04 01:01:57;12.10
278;14.47;;B2 U' L2 R2 U R2 F2 R2 B2 U2 F2 U R' F' U L' B' D R B R;2021-01-04 01:02:20;14.47
279;12.38;;F' L2 F2 D' B2 U L2 D' B2 D U F' D B2 L U2 L F;2021-01-04 01:02:53;12.38
280;13.78;;L' U2 B D2 F R2 B2 F U2 B R2 F L2 U' B2 D' L2 F' D' U2 L';2021-01-04 01:03:20;13.78
281;12.87;;R2 D F2 B U2 D' F' B L' U2 R' L2 D2 F2 L D';2021-01-04 01:03:46;12.87
282;11.82;;B2 L' U' F2 U R2 B2 R2 D2 U' B2 R2 D' L D L' D B D F2;2021-01-04 01:04:11;11.82
283;11.97;;U2 B2 D2 L2 D2 R2 B' U2 F' R2 D2 F R' U' R' D B' L F' D' B2;2021-01-04 01:04:43;11.97
284;11.84;;B' L' F L2 D2 B' U2 B L2 F L2 F2 D2 R2 D F' D2 U' B' D R2;2021-01-04 01:05:05;11.84
285;14.26;;L2 D2 L2 F2 U' L2 D L2 D2 L2 F2 L2 R B' R' D' B2 U' R2 F' D';2021-01-04 01:05:34;14.26
286;12.57;;B L' R2 F2 L2 B2 U' F2 R2 F2 R2 U' F2 D2 R' B' R U' L B' D';2021-01-04 01:06:01;12.57
287;11.52;;R2 F' L2 U2 B2 U L2 D F2 U' F2 R2 D' L' R2 D' B R U L;2021-01-04 01:06:26;11.52
288;11.69;;F' U F2 L2 D2 B2 U2 F2 L2 B' R2 B R2 L U F L2 R' D' R' B2;2021-01-04 01:06:52;11.69
289;14.94;;D' B2 R2 U2 F2 L2 U B2 L2 R2 U' F2 R' D' B' R' U2 R' D' F' R';2021-01-04 01:07:18;14.94
290;13.32;;U' F R L2 F' B2 U R2 D2 L2 B' R2 B' D2 F' B2 U2 F' U2 L B;2021-01-04 01:07:43;13.32
291;12.34;;D B R' F L' U2 R L' D R' B2 L' U2 B2 R' U2 L U2 R B2 D2;2021-01-04 01:08:07;12.34
292;11.87;;R2 U L2 B2 D2 U L2 D B2 U2 B2 R F2 L' D B2 R' D' B' L' F;2021-01-04 01:08:30;11.87
293;11.08;;U2 F' U2 L2 B D2 B R2 B2 R2 U2 L F2 U R D2 B2 F' D R;2021-01-04 01:08:53;11.08
294;10.21;;B' D' F D' F2 L D F2 D2 B2 L' F2 R2 B2 L' F2 U2 R' D F2;2021-01-04 01:09:15;10.21
295;11.55;;R2 U L2 U2 B2 D' F2 U B2 U2 B2 R' U2 B' L2 B D' L R';2021-01-04 01:10:08;11.55
296;16.20;;F2 D' R B2 R' D2 L2 B2 L U2 F2 L' F U2 F2 L2 F' R U';2021-01-04 01:10:29;16.20
297;13.14;;F' U D L U F R F D F2 B2 R2 D' F2 U2 L2 F2 D B2 R2;2021-01-04 01:10:59;13.14
298;14.13;;B' U2 B2 L B R' F' B' U' B2 D2 L2 F2 D L2 U F2 B2 D' R' U';2021-01-04 01:11:23;14.13
299;12.20;;B2 U2 L2 F D2 F' D2 R2 F' D2 B' R' U' L B2 F D' F' L D';2021-01-04 01:11:49;12.20
300;13.75;;R D2 B R2 B2 L2 F' U2 F U2 R2 D2 U' R U' F' D2 U F L2 D';2021-01-04 01:12:12;13.75
301;16.01;;R' B' R U' F R D' B L' D2 F B2 U2 R2 B' D2 L2 U2 D2 F' D2;2021-01-04 01:12:39;16.01
302;15.10;;F2 L2 D B2 R2 U R2 U' B2 D2 F2 L R' D' U2 R2 F' R' B F' L';2021-01-04 01:13:08;15.10
303;13.47;;D2 F2 D2 B' U2 R2 B F D2 R2 U2 D F L2 U F' L U' B L';2021-01-04 01:13:36;13.47
304;12.14;;F U B2 U F2 D2 F2 R2 U' B2 U2 L2 F2 R' U' R2 B' L B2 U R;2021-01-04 01:14:00;12.14
305;12.94;;L' U2 F2 L2 U2 L' F2 U2 L' F2 L2 U' F R D' F' U' R U' L';2021-01-04 01:14:27;12.94
306;15.88;;D B2 D F2 U2 F2 R2 U B2 F2 R2 L B2 U B2 D' F' D2 L2 R' D2;2021-01-04 01:14:56;15.88
307;12.23;;U' D2 F2 D2 B U2 B' U2 B L2 B' L' R' F' R' D F R2 B2;2021-01-04 01:15:24;12.23
308;15.55;;D L2 D2 U' L2 B2 D' B2 U' F2 R2 B2 L B' R' B' D B2 R U';2021-01-04 01:15:48;15.55
309;14.47;;R' U B2 D2 R2 U F2 L2 U B2 D' B' L R' F' R2 D L' D' U2;2021-01-04 01:16:26;14.47
310;11.98;;R2 D2 F' L2 D' F2 L2 D R F2 R B2 R F2 L' D2 L D2 F2 R;2021-01-04 01:16:53;11.98
311;14.76;;D2 B' R2 B U2 F D2 B2 U2 F' R2 D2 L' B F2 U R F D2 B U';2021-01-04 01:35:07;14.76
312;13.03;;B2 L2 R2 D2 B' D2 L2 B' F L' B D L' U' B' D U2 L2;2021-01-04 01:36:41;13.03
313;14.04;;D2 F' D2 U2 F' L2 F' U2 B U2 F D2 R B U L' R2 U2 F' R2 F';2021-01-04 01:37:06;14.04
314;12.46;;D2 F2 L2 D2 F D2 R2 D2 L2 U2 B R B' D2 L' U L R B2;2021-01-04 01:37:33;12.46
315;13.82;;R2 B2 D2 B2 D' L2 D2 U' F2 L2 F2 B' L' D2 B' D L2 D' L B' F2;2021-01-04 01:37:58;13.82
316;13.30;;U2 R2 F' R2 B L2 B2 U2 L2 R2 F2 D' F L D' B2 L2 B' D;2021-01-04 01:38:25;13.30
317;13.73;;R' B L2 R2 D2 F2 U' B2 R2 F2 R2 F2 R D2 B R' F2 U' L2 R2;2021-01-04 01:38:52;13.73
318;16.71;;U2 R B2 L' R U2 B2 D L' R B' U2 R' B U B;2021-01-04 01:39:28;16.71
319;13.71;;U' R2 D U L2 F2 L2 B2 U F2 R2 F R' B' U R2 U F2 R' D2 U2;2021-01-04 01:39:56;13.71
320;14.74;;R' B' D F R' U2 F L D2 L2 D2 L2 U' B2 L2 D F2 R2 U2 L;2021-01-04 01:40:23;14.74
321;13.00;;F B2 U' R F2 U' B' L2 D' R2 U2 B2 R2 U R2 U2 L2 F' D2;2021-01-04 01:40:55;13.00
322;13.03;;U2 B L U2 F2 L B2 R2 U2 R' B2 R' U' F2 D U2 L R2;2021-01-04 01:41:22;13.03
323;15.53;;D2 B L2 F' U2 B2 R2 F' U2 F' R2 U R' U2 R2 B2 D2 B L' R;2021-01-04 01:41:48;15.53
324;11.99;;D2 F2 D2 R2 D2 F' U2 L2 B' D2 L2 F L' F L D R D2 B D;2021-01-04 02:09:38;11.99
325;13.58;;R2 F2 U B2 D R2 B2 D R2 U' B L2 D R2 B' L U B2 L' R2;2021-01-04 02:10:02;13.58
326;14.37;;F' D2 B D2 F U2 B L2 B L2 D2 F2 R' F D2 U L' R' D B' F';2021-01-04 02:10:32;14.37
327;12.05;;F2 U B' L B U' D2 L' U' L2 U' D' L2 F2 L2 U B2 U B2 R2;2021-01-04 02:11:01;12.05
328;17.58;;R' D' R L' U2 B' L' U B U2 L2 F2 D2 F' D2 F U2 L2 U2 F;2021-01-04 02:11:29;17.58
329;14.07;;L2 U2 B' F2 L2 F L2 R2 F2 U2 L U B' D R2 F' U R' U' L;2021-01-04 02:11:58;14.07
330;15.14;;R' B' R2 D U B2 D B2 F2 D F2 R F' L' B' U L' U' B2;2021-01-04 02:12:24;15.14
331;18.32;;F2 U2 L F U' D' L' B U2 F B2 U' R2 B2 U D2 F2 U' R2 D2 L2;2021-01-04 02:13:08;18.32
332;12.71;;D' R' B2 R2 D' U' R2 B2 D' B2 F2 U B2 U2 R B2 F' L2 D' F' U2;2021-01-04 02:13:32;12.71
333;13.16;;D' B' R F2 D2 U2 L' F2 R F2 R2 D2 B2 F' U F2 R2 B2 F' U2;2021-01-04 02:14:01;13.16
334;15.16;;U R F2 D2 B L2 R2 U2 R2 U2 F D2 F U2 R F U' B' L2 R2 U';2021-01-04 02:14:25;15.16
335;14.75;;U L R2 D' R2 D B2 R2 U2 B2 U R2 U' R F L' D R D2 R;2021-01-04 02:14:52;14.75
336;12.92;;U B2 R2 D' B2 U' B2 R2 U' F2 U B F R D2 U2 F' R D' U';2021-01-04 02:15:21;12.92
337;11.07;;B2 U2 R B2 L U2 R D2 L' F2 L B L' B2 L2 D L2 R2 F2 U';2021-01-04 02:15:45;11.07
338;15.16;;B' R B2 U' R2 F2 D' R2 D L2 D2 U' F2 L' F2 L' D F R' B2 U';2021-01-04 02:16:08;15.16
339;15.12;;L2 U' R2 U' L2 R2 F2 D B2 L2 B2 D2 L B D2 L2 F' R' D L2;2021-01-04 02:16:40;15.12
340;14.21;;U D2 R F2 L F2 R2 U2 R B2 R2 U2 B2 U' R D B F' L' U2 F2;2021-01-04 02:17:06;14.21
341;14.33;;U2 R2 B' R2 U2 F' D2 F' U2 B' L2 F L' F' U F' U2 R' F' U R;2021-01-04 02:17:34;14.33
342;16.09;;D R2 B L F L' F2 U' B2 L2 U' R2 F2 D2 F2 D2 B2 R' D;2021-01-04 02:17:57;16.09
343;12.37;;F2 R' D2 F2 L F2 U2 L2 D2 L F2 R' U L D U' F' R2 B';2021-01-04 02:18:26;12.37
344;12.66;;L' U2 F2 U2 F2 L2 U2 L R2 D2 B' D' U F2 L D2 F' U' L';2021-01-04 02:19:34;12.66
345;14.18;;U F2 U2 F' U2 F2 L2 U2 B2 U2 R2 F' U L2 B' R D' R' F D';2021-01-04 02:19:56;14.18
346;14.71;;F B U L2 D2 B' R' U L2 F2 L2 B2 U2 R2 U' D2 R2 F2 D F' R';2021-01-04 02:20:30;14.71
347;15.11;;D L2 F2 D U' B2 L2 B2 D' R2 U' F L2 R2 F' R' U B' D' F;2021-01-04 02:20:55;15.11
348;14.30;;U2 B2 L' D2 L F2 L2 U2 L' F2 U2 B' F R D U' F R D F';2021-01-04 02:21:23;14.30
349;11.36;;F D2 L2 U2 R' B2 D2 R D2 F2 R F2 R2 U' F R' D U' L' F;2021-01-04 02:21:53;11.36
350;12.85;;B' F2 R' D2 L' F2 L2 B2 L2 R' D R' U' B' F2 U R' B';2021-01-04 02:22:15;12.85
351;13.47;;F2 U2 L F2 D2 R U2 L B2 R2 F L' F2 R2 D F D2 B U2;2021-01-04 12:58:33;13.47
352;14.24;;U' B2 R2 F2 L2 D2 L2 D R2 D F2 B U' L' U L R2 B2 R2 D;2021-01-04 13:00:39;14.24
353;16.94;;B2 D2 R' B2 U2 R' F2 U2 R' D2 R F2 D' F' U2 L2 U2 R D F;2021-01-04 13:01:20;16.94
354;14.33;;U2 F' L2 B' D2 F D2 L2 B L2 F' U' L2 B2 R B2 F' U B L' F;2021-01-04 13:01:52;14.33
355;14.68;;B2 U2 L2 R2 B2 U B2 U' L2 D B2 R B D L F2 R' U' L' B R2;2021-01-04 13:02:21;14.68
356;16.50;;D R2 D B2 D R2 U2 B2 R2 D' U2 B L' U' R' F2 L' D' B' D U2;2021-01-04 13:02:47;16.50
357;12.43;;D' R2 D2 F2 R' F2 L2 U2 R B2 R U' B' R B' F' L' U' R;2021-01-04 13:03:17;12.43
358;15.41;;D2 F' D' L2 F2 D L2 D L2 F2 L2 F2 D R' F D' B U B L';2021-01-04 13:03:42;15.41
359;16.20;;D' L2 R U' L2 D B2 L2 D R2 D2 R2 U2 F' L' D2 F' U' L' D2;2021-01-04 13:04:08;16.20
360;13.90;;D' F' U2 L2 F D2 U2 L2 B' L2 B2 U2 F R B2 F D R B' L' F';2021-01-04 13:04:41;13.90
361;13.35;;B2 R' D' B2 D L2 D2 U F2 R2 D2 B D2 U L2 R2 B L R';2021-01-04 13:05:09;13.35
362;14.33;;D F' U B2 U' R2 B2 U' R2 U R2 U R2 B L R B D U R' B2;2021-01-04 13:05:38;14.33
363;15.59;;D R2 D B2 U' F2 D' F2 L2 U F U' R' B2 L' R2 B' L' U2 F';2021-01-04 13:07:23;15.59
364;12.25;;F' L' B U' R' U L U R2 D2 F2 R' D2 R' F2 L' F2 B;2021-01-04 13:08:05;12.25
365;11.52;;L' U2 D' B2 U' R' U' D2 F L2 F' B2 R2 D2 B2 D2 F D2 U R';2021-01-04 13:08:28;11.52
366;14.62;;D L D R2 L' D2 L' B' R U' L2 B2 D2 F2 U L2 U' R2 D';2021-01-04 13:09:18;14.62
367;12.93;;L R2 B' D2 F' D2 L2 B2 R2 B2 R2 U2 L' F' D B2 F U L R';2021-01-04 13:09:44;12.93
368;12.95;;R D R2 U L2 F2 D B2 R2 D R2 U B' D2 L' D R' B U' R2 U';2021-01-04 13:10:09;12.95
369;13.65;;B' U R' B' L2 F' D' B2 D2 F2 U2 R' U2 R2 F2 L B2 L' D2 U';2021-01-04 13:11:31;13.65
370;14.07;;D2 R2 D F2 D2 L D B L' U L2 U B2 D' L2 D F2 D' F2 L2;2021-01-04 13:12:04;14.07
371;13.56;;U B' L2 D2 U2 B' R2 U2 F U2 B2 F' D2 R' B' F' D' L B2 F' D;2021-01-04 13:12:31;13.56
372;14.04;;D' B' F2 R2 B U2 F' R2 D2 R2 F2 U' F D U B' U' R B2;2021-01-04 13:12:58;14.04
373;13.14;;B2 F2 U L2 D U L2 F2 D2 F D2 R D' R' U' B2 D' B';2021-01-04 13:14:49;13.14
374;13.11;;R D2 L' D2 U2 B2 R' D2 B2 D2 B2 L' D' B' U2 B2 F' U' R2 U L;2021-01-04 13:15:24;13.11
375;14.52;;R2 F R L' F U F' D2 B R2 D2 L D2 L F2 R2 F2 L D2 L B2;2021-01-04 13:15:49;14.52
376;13.36;;B2 F2 D B2 U L2 B2 U R2 U B2 F R U L2 D' R' B' L' F';2021-01-04 13:16:55;13.36
377;13.64;;B U' L2 D2 L' U2 L B2 R' F2 U2 B2 D2 R D F' U' F L B2 L;2021-01-04 13:17:49;13.64
378;11.65;;F2 D F2 D' U' L2 B2 U B2 F2 U R' B D2 U' B' U' F D' F;2021-01-04 13:18:14;11.65
379;15.26;;R2 U' B L' F2 U' L' F' U2 R L2 U' D2 B2 U2 B2 R2 D' B2 D B2;2021-01-04 13:18:47;15.26
380;14.04;;R2 D' L2 D2 U F2 D' B2 F2 D2 R2 F D R D L2 R F' L F;2021-01-04 13:19:38;14.04
381;12.52;;B2 R2 D2 B2 R2 U B2 D' B2 F2 D B2 R U B' L' B' D2 U2 F' U;2021-01-04 13:20:08;12.52
382;11.28;;L F2 L2 D F2 U2 L2 F R' B2 R2 B R2 U2 D2 R2 F2 U2 F' L2;2021-01-04 13:20:32;11.28
383;17.24;;R2 B2 L2 U L2 U B2 R2 D' R2 U2 R D L2 F2 U' L' R F U2 L';2021-01-04 13:20:57;17.24
384;16.95;;B2 R' L2 U L2 U2 B2 L2 U L2 F2 L2 F2 L F' L2 B' D' L2 D2;2021-01-04 13:21:29;16.95
385;10.53;;B2 R2 D2 B2 F2 U R2 D L2 U2 R2 D L D' L2 R D' B' U R2;2021-01-04 13:21:59;10.53
386;14.58;;U' R' U2 F2 U2 R2 D2 L' B2 L' U2 B2 F2 D F2 U B R D' R' U;2021-01-04 13:22:35;14.58
387;9.78;;D' B2 D2 R U2 B2 D2 R2 B2 U2 R D2 B' R B2 D' B2 D' R;2021-01-04 13:23:03;9.78
388;12.73;;D R' L2 U L2 F2 U L2 R2 F2 R2 D2 L2 D B' U' L' D' U B' R';2021-01-04 13:23:27;12.73
389;14.62;;D2 B' R2 U' F' L' D R2 U L2 F B2 L2 U2 L2 U2 F' R2 B' U2 F;2021-01-04 13:23:56;14.62
390;13.36;;F2 L2 F2 D' L2 U F2 R2 U' F2 D' U' B' L2 R B' L' D F' L2 B2;2021-01-04 13:24:33;13.36
391;13.13;;B' L' R2 B2 D F2 L2 R2 D L2 F2 U2 L2 B R D' L2 F' R' F2 L;2021-01-04 13:24:57;13.13
392;15.22;;B' L U2 L2 D2 L R2 F2 R' D2 F2 U2 F2 D' L2 B L U' L2 B L2;2021-01-04 13:25:21;15.22
393;13.68;;B' U2 F L2 D' L' B R2 B2 U R2 U L2 D2 B2 L2 D' F2 U L B;2021-01-04 13:25:48;13.68
394;16.85;;U' L B F2 U B2 F2 L2 U' B2 D' U B2 U2 F L U' R2 D' R' F';2021-01-04 13:26:21;16.85
395;11.04;;F D L2 F2 D' B2 D' L2 R2 B2 R2 B' R' D U2 F' D' U B2 F';2021-01-04 13:26:52;11.04
396;16.17;;B' U' L U2 D B2 U' F R F' U2 D2 F' U2 F2 B R2 U2 B' R2;2021-01-04 13:27:16;16.17
397;13.58;;R2 D F D2 L U D2 F D' F2 B2 L' U2 L2 B2 D2 R D2 L D2;2021-01-04 13:27:43;13.58
398;10.56;;R2 F2 U' R2 U F2 D2 F2 D2 L2 B2 L' F' U2 R U' B' F2 D U;2021-01-04 13:28:08;10.56
399;11.41;;D2 R2 D' B L' U' D F' U R' D2 F2 R U2 R' F2 D2 L' U2 D2;2021-01-04 13:28:29;11.41
400;13.52;;B2 R' U' D2 R2 D2 B' D2 L2 B' L2 B2 R' B' F' D L2 U F;2021-01-04 13:28:52;13.52
401;14.74;;F2 D' B2 R2 U B2 D R2 U' F2 R F D2 R2 U F R D' L R;2021-01-04 13:29:36;14.74
402;14.93;;L' U L2 F' L' U B R U2 L2 D' B2 D' B2 D2 L2 F2 D' F2 L';2021-01-04 13:30:07;14.93
403;12.55;;F' B2 R U2 L' F2 R' D2 R' D2 F2 D2 F R' B2 D U' F' R2 B U;2021-01-04 13:30:35;12.55
404;14.68;;R2 U2 B R2 F' L2 F2 L2 R2 U2 B D' L F' U' L2 D' B2 F2 L;2021-01-04 13:31:03;14.68
405;12.27;;R F2 R U2 L F2 D2 U2 L' D2 R' B2 F' L2 R2 D2 F U L' B2 U2;2021-01-04 13:31:32;12.27
406;13.55;;L' B2 D' L2 B2 D U' B2 R2 B2 R2 D2 F' D2 U2 L U B' R' U2 R;2021-01-04 13:32:01;13.55
407;9.92;;D2 U2 B2 D2 R' U2 R D2 F2 R' D2 R D' R U2 B D U2 B R' B2;2021-01-04 13:32:28;9.92
408;15.53;;D2 F2 D' L2 U' L2 U' B2 U2 B2 U' B L F2 R U B2 L' F' D U2;2021-01-04 13:32:55;15.53
409;11.91;;B' F2 U2 F2 R B2 L D2 L U2 B2 U2 D' F D L F L B;2021-01-04 13:33:25;11.91
410;12.14;;D B2 D R2 D2 L2 D' L2 U L2 R2 B R2 B' L' B2 U F L' F2 R2;2021-01-04 13:33:51;12.14
411;12.27;;L D F2 R2 U' F2 U R2 B2 U2 B2 U' L F' D U' B R U R U';2021-01-04 13:34:16;12.27
412;12.95;;L' F2 U2 B' L' D R2 L2 F' U2 F2 L' D2 R B2 L2 B2 L2 D2 R;2021-01-04 13:34:42;12.95
413;12.55;;L' U2 L2 D U2 B2 D R2 F2 L2 B2 D' B2 F' L2 R2 F D2 B L' R';2021-01-04 13:35:12;12.55
414;13.53;;L D R' D R D2 R2 F D2 R F2 R2 U2 D2 R' B2 L2 U2 B';2021-01-04 13:35:38;13.53
415;10.15;;L U R2 L B R2 U2 R' F R2 F L2 B R2 F2 D2 F' D2 F' R2 U;2021-01-04 13:36:09;10.15
416;14.33;;B2 L' R2 B2 D L2 U' F2 L2 B2 D2 U' R2 U2 B R U' F' D' R' F';2021-01-04 13:36:39;14.33
417;15.30;;U R2 F2 L2 R2 U B2 D2 B2 R2 U L' U2 R2 D R' F' D L' B2 U';2021-01-04 13:37:07;15.30
418;13.21;;B2 R2 F2 R2 U2 F2 D B2 R2 U2 L2 R B F L U R F' L' D' L';2021-01-04 13:37:39;13.21
419;11.88;;U' F2 R2 F2 D2 L2 F2 U R2 U' B2 R2 B' R2 U' L' B R2 D L D';2021-01-04 13:38:06;11.88
420;13.78;;D' B2 D2 R U' L U' F U L2 U R2 D F2 U' R2 B2 R2 F';2021-01-04 13:38:28;13.78
421;12.17;;D R' F2 R' U2 R2 U2 B2 R' B2 F2 R' U2 B' L' D2 L U L' B R;2021-01-04 13:38:58;12.17
422;10.09;;F2 L B2 R F2 U2 R' U2 L2 D2 L U' L U F D F L' B' U F;2021-01-04 13:39:21;10.09
423;9.49;;U' R2 D2 U2 F2 D2 B' R2 B' R2 F2 U2 D L F2 D' B' U' B' D';2021-01-04 13:39:45;9.49
424;12.17;;R' D' L' B2 U2 B' L' U R B R2 B U2 R2 U2 R2 F2 B U2 F2 L2;2021-01-04 13:40:10;12.17
425;13.00;;F D L B R L U' R L2 D R2 F2 D B2 R2 L2 U R' D;2021-01-04 13:40:36;13.00
426;15.49;;B2 L F B2 L U R D U2 L2 D2 R2 F' R2 U2 B U2 B D2 B';2021-01-04 13:41:12;15.49
427;12.16;;U D' L' D' B U L D' B R F2 R2 B2 R' L2 F2 B2 D2 B2 D2;2021-01-04 13:41:41;12.16
428;11.66;;B' U2 F2 U' R2 D R2 F2 L2 B2 D L2 F L' B F' D' U2 L D2 R2;2021-01-04 13:42:07;11.66
429;13.33;;L' B' F2 L2 D2 L2 D' L2 D R2 F2 D' L2 B D B2 L' D L2 D';2021-01-04 13:43:54;13.33
430;12.10;;R2 U B2 D' B2 R2 U2 B2 R2 U' F2 L' R D B L' U2 L2 D B F';2021-01-04 13:44:47;12.10
431;14.04;;F D F2 D' U2 R2 D' B2 F2 D2 B2 F2 R2 F' L F2 R U' L' R' F;2021-01-04 13:45:24;14.04
432;12.77;;R D' L' U L2 R2 D' R2 D' F2 R2 U R2 D' F D' F U' L' U' B;2021-01-04 13:45:52;12.77
433;13.06;;U2 F2 D' F2 D' L2 D B2 D' R' F D2 B L' B2 L F2 D R2;2021-01-04 13:46:23;13.06
434;12.45;;U' F' B U' R B L B U2 R U2 R U2 F2 B2 R' B2 L' F2 L';2021-01-04 13:46:44;12.45
435;13.10;;B' L' D2 B2 U2 B2 D R2 F2 D F2 U L2 F' U R' D2 U2 L' R';2021-01-04 13:48:30;13.10
436;11.82;;F' L2 U2 L D2 F2 B' D' R2 B2 U' F2 L2 U2 R2 U' B2 D' B' D';2021-01-04 13:52:04;11.82
437;13.26;;B' L U2 F' U2 R2 U2 B' U2 L2 F' R2 F' U L' F R U' R' D U2;2021-01-04 13:52:27;13.26
438;13.66;;U R' D' R' D' F' R' F' D2 B2 R2 L2 U F2 R2 L2 U' L2 U2 B2;2021-01-04 13:53:07;13.66
439;11.05;;D F2 D B2 U' B2 U' R2 B2 L' F R2 U' L U' F' L F' R;2021-01-04 13:53:36;11.05
440;11.98;;R' D R' D2 R' L2 F2 U2 B' D2 F2 L2 U F2 U' F2 U' L2;2021-01-04 13:54:36;11.98
441;11.25;;D' L2 B2 U' F2 D R2 D2 R2 U' B2 U' B U R' F2 D2 F U2;2021-01-04 13:54:58;11.25
442;12.16;;F2 D2 U B2 R2 F2 L2 D F2 U2 F2 L B' F D F' U R2 F2 L';2021-01-04 13:55:41;12.16
443;12.59;;B2 D B2 D F2 R2 U L2 D2 L2 U2 B' F' L F' D B' R F U' L2;2021-01-04 13:56:07;12.59
444;13.43;;U' B' U2 B2 L2 B2 U2 B2 D2 U L2 D' F U B R' D2 U' L B';2021-01-04 13:56:37;13.43
445;13.06;;F2 D' R2 U' B2 D2 R2 U B2 F2 R2 F L2 B' U R U' L B R' U2;2021-01-04 13:57:16;13.06
446;10.86;;B L2 U2 B2 R2 F U2 L2 F' R2 F2 U2 R B2 D F2 D B D R;2021-01-04 13:57:53;10.86
447;12.50;;B U' R' F2 U2 L' R' U2 R F2 R' F2 R U F' D' B F2 D2 U';2021-01-04 13:58:30;12.50
448;10.59;;R U R2 B2 D' U2 F2 D2 U2 R2 L' F2 D' F' L D2 F' L' B2;2021-01-04 13:58:57;10.59
449;12.58;;U2 B R2 B L2 F2 D2 L2 B R2 B L D' F2 L D' U2 F' L' F';2021-01-04 13:59:27;12.58
450;12.37;;D2 R2 F2 L2 B2 D' B2 L2 R2 D' L2 F R' U B2 F2 D F2 D' R';2021-01-04 13:59:55;12.37
451;13.43;;L2 D2 L U2 R' F2 L' D2 L F' U' L2 D2 R' U' R B' R2;2021-01-04 14:00:15;13.43
452;11.82;;R2 U2 R B2 L2 U2 L' B2 D2 L' F2 U2 B' U2 R' B L B' F L';2021-01-04 14:01:00;11.82
453;12.82;;L' D2 B U R2 D R2 D' B2 U2 F2 D' R2 B2 R' D B L2 B' U2 L';2021-01-04 14:01:42;12.82
454;15.83;;R' U' B' U2 R2 B' U2 R2 B F2 R2 F R2 U2 L' R' B L2 U' F' D2;2021-01-04 14:02:12;15.83
455;11.85;;D2 U2 B D2 L2 R2 F R2 B F' R2 U2 L U' B2 D' B' D2 R2 B;2021-01-04 14:02:42;11.85
456;13.13;;R2 B' D2 B2 L2 F2 L2 D' L2 B2 U2 B2 R' F2 L U2 F R2 B';2021-01-04 14:03:12;13.13
457;10.66;;R2 B' D2 F' D2 F U2 L2 F R2 F' R2 U' L' D2 U2 R D2 B' R' B';2021-01-04 14:03:38;10.66
458;11.79;;U F L2 B' L2 R2 B F2 U2 L2 F2 U' B2 R B2 D B';2021-01-04 14:04:42;11.79
459;16.93;;L2 B L2 D2 L2 F' U2 B L2 B F L' B2 U' L R' B' F2 U L2;2021-01-04 14:05:24;16.93
460;12.65;;B D2 B2 D2 B2 L2 B R2 F' L2 D R U' R2 B' L' R' D2 R B;2021-01-04 14:06:25;12.65
461;13.40;;R D2 L2 R B2 R F2 R' B2 L' D2 R' B' D2 F U R' D' F2 L';2021-01-04 14:06:56;13.40
462;16.29;;R' U L2 F2 U R2 D' F2 D2 B2 U' B L2 R D B' R' F2 D2 F2;2021-01-04 14:07:38;16.29
463;13.35;;L' U2 R' L2 F2 U L2 D U R2 B2 R2 U' L2 R B D' L F' L R;2021-01-04 14:08:13;13.35
464;11.44;;F U' L2 F2 D B2 D2 F2 R2 B' U B R' F' L F' D' F';2021-01-04 14:09:41;11.44
465;13.49;;D' L' R2 D' B2 D2 F2 R2 D' R2 B2 D' B' L2 F2 D' F' D2 F';2021-01-04 14:10:05;13.49
466;18.63;;R' U' F2 D2 R2 U2 L D2 L' D2 U2 L' D2 R' U' B' L' F' D2 R2 D2;2021-01-04 14:10:58;18.63
467;9.59;;U2 F2 L2 B D2 B U2 R2 B' U2 F2 L2 R' B' U L' D' B2 L2 R F;2021-01-04 14:11:42;9.59
468;13.81;;F2 R2 U F2 U R2 D' L2 U R2 F D' R B2 R2 F D2 F U' R';2021-01-04 14:12:15;13.81
469;14.20;;L F R L' D2 R U' R L2 U2 R' D2 R' B2 L' F2 L' U' F';2021-01-04 14:13:27;14.20
470;13.20;;L' R2 U B2 L2 D R2 B2 U2 F2 U L2 B L B2 L D U L' B' D';2021-01-04 14:13:57;13.20
471;11.11;;D2 B2 U' L2 B2 D' F2 D' R2 F2 U' F' L' B L2 D2 U L F2 D U2;2021-01-04 14:14:23;11.11
472;14.94;;D2 F' B' D B' R' L2 F B2 D' L2 U' R2 L2 F2 D F2 D' B2 D' L;2021-01-04 21:56:14;14.94
473;13.07;;U L2 F2 D' F2 U2 R2 U R2 U' L' U' F2 D' L B' R' D' L' B;2021-01-04 21:56:44;13.07
474;11.69;;D2 F2 R2 B F2 L2 B' D2 F' D2 F2 U2 D' F2 L' D R2 D2 L' R' D;2021-01-04 21:57:19;11.69
475;16.03;;F2 U L2 U' L2 U' R2 D L2 U' F2 D B U2 L U2 F2 D U F' D2;2021-01-04 22:06:06;16.03
476;14.85;;R2 B2 L2 R2 D' F2 L2 U F2 D' L2 U R' U2 R2 B U' R B' R' B;2021-01-04 22:06:47;14.85
477;16.20;;U' F' D2 B2 U' B2 U R2 B2 U' F2 D2 F2 L' D2 F U' F L B2 D';2021-01-04 22:07:19;16.20
478;13.82;;F D2 B2 U' L2 R2 F2 D' B2 U' R2 U' R' D2 B' R2 B2 D' L' B';2021-01-04 22:08:27;13.82
479;13.26;;L U R2 U' B2 L2 U' F2 D2 L2 U L2 U' L' F2 R' B2 F R' F U;2021-01-04 22:09:04;13.26
480;13.45;;B2 D' U2 B2 L2 D2 B' R2 D2 R2 D2 F2 R2 D' F' R B L D U';2021-01-04 22:09:40;13.45
481;12.78;;F2 U2 B2 F2 D' L2 U' L2 B2 R' U' F R U' F' L' B D';2021-01-04 22:10:37;12.78
482;13.88;;R2 U2 B' D2 B2 U2 R2 F D2 F' U2 F L' D R2 U' R2 U' F U;2021-01-04 22:11:12;13.88
483;13.66;;D2 B' L2 B R2 B U2 B D2 F U2 L' U' B2 D U2 F' L R2;2021-01-04 22:11:41;13.66
484;13.31;;L' F' L' F U2 D B L U2 B D2 L2 U2 R2 B U2 F' R2 B2 L2;2021-01-04 22:12:10;13.31
485;12.35;;U' D' R' F' R F2 B' L2 U' D2 F B2 R2 U2 B' U2 B L2 B R2 D2;2021-01-04 22:12:36;12.35
486;14.24;;B' R U F2 L' B R' U F U2 F2 D' R2 U2 B2 R2 U' R2 D F2 U;2021-01-04 22:13:23;14.24
487;12.07;;L2 D R' L' U2 L U B2 D2 R2 D2 F' L2 B U2 B2 D2 L' B2;2021-01-04 22:13:54;12.07
488;14.33;;D2 R2 F R D' B L' F D F' U2 F2 U L2 D' F2 D2 R2 B2 U2 L2;2021-01-04 22:14:17;14.33
489;12.13;;R2 U F U D L U2 F R B2 R' F2 D2 L D2 R' F2 R' U2 R';2021-01-04 22:14:46;12.13
490;11.97;;B D2 U B2 R2 B2 U' L2 U' R2 B2 R F' L2 U2 R B2 F' R2;2021-01-04 22:15:14;11.97
491;16.16;;B' L2 U' R2 U' R2 U' L2 B2 U R2 F L B U L R F U F';2021-01-04 22:15:39;16.16
492;12.49;;B L' F D2 B2 U' F2 D' R2 B2 L2 U' R2 D' L D U2 B' U L F;2021-01-04 22:30:10;12.49
493;16.25;;L' D R D' B' U2 R' D' F' U2 F2 D' B2 D' F2 R2 U R2 D B2;2021-01-04 22:30:37;16.25
494;12.85;;B' L2 B2 F2 R2 D' L2 F2 D B2 D F2 R U2 F L2 F' L2 R2 U' F';2021-01-04 22:31:14;12.85
495;14.12;;B R' D F2 L2 F L D' F2 U B2 D F2 R2 L2 B2 L2 D' B' U2;2021-01-04 22:31:44;14.12
496;12.95;;U L' B2 D' F2 U F2 U2 L2 U2 R2 B2 U F' D2 L F' L2 R B;2021-01-04 22:32:11;12.95
497;12.81;;R2 F D2 F L2 U2 R2 U2 B2 D2 L' B F' U' B2 D B' D2 R;2021-01-04 22:32:37;12.81
498;18.89;;U R' D R' L D2 B U2 F2 L2 U' B2 U2 F2 R2 D F2 D L';2021-01-04 22:33:05;18.89
499;14.92;;F D B R U B L' D' R2 B2 D2 F' L2 F D2 F' L2 B U;2021-01-04 22:33:41;14.92
500;10.99;;F D' F2 U L2 R2 D R2 U' F2 L2 R2 F' R U' L' F L U' R;2021-01-05 19:09:39;10.99
501;14.01;;F2 R2 U L2 U R2 U' F2 D B2 R2 D' R' U F2 L2 D R' D';2021-01-05 19:10:59;14.01
502;15.97;;L2 D2 B2 D2 L' F2 L2 R2 F D' B2 U R' D' F' U R';2021-01-05 19:11:26;15.97
503;14.36;;R2 F2 R2 F R' D' F2 B' U R' B2 U2 D2 R2 L U2 R2 B2 U2 B2 L2;2021-01-05 19:12:02;14.36
504;14.59;;B' L2 D' U2 B2 D' R U' L' F' D' B2 F R';2021-01-05 19:12:31;14.59
505;14.81;;D' L2 D2 B' R2 U2 F2 R2 U2 B' R2 D' B' R' U2 R2 F R' D' R';2021-01-05 19:13:19;14.81
506;14.07;;L2 F U2 R2 D2 U2 B2 R2 F R2 F L F2 D F U' B' R2 D2;2021-01-05 19:13:53;14.07
507;13.98;;F2 D2 B2 R' U2 B2 R2 F2 R' D2 L R B' R F' R2 F U' L' F;2021-01-05 19:14:27;13.98
508;11.90;;R2 B2 U B2 U' R2 D2 R2 D2 F' L' B2 F D L2 U2 R' F' D;2021-01-05 19:15:04;11.90
509;11.52;;L2 R2 U B2 U2 R2 U' R2 F2 D L' F D L' B' U' L' D' B' D';2021-01-05 19:15:34;11.52
510;14.13;;R2 U2 L2 F2 U' L2 D' B2 D2 U' R2 L D2 R2 U' L2 R F' U' L' D2;2021-01-05 19:15:59;14.13
511;11.24;;F' U2 L2 F R U L' F' L2 D2 R2 U F2 D R2 U B2 L2 D2;2021-01-05 19:16:38;11.24
512;14.78;;B2 U F2 R2 U B2 U' F2 U2 B2 L2 B' U L D2 F R' U2 B U' L';2021-01-05 19:17:03;14.78
513;12.28;;U2 R F' B' U B U B2 R2 F2 U2 L2 D2 L' D2 R B2 L B2;2021-01-06 19:19:05;12.28
514;12.53;;U2 B2 U L2 U B2 R2 B F2 L' U2 B2 D2 L' U2 R B2 L' D2;2021-01-06 19:19:36;12.53
515;14.35;;L D F' D2 R2 U2 L2 B2 U' R2 U2 B2 R' B L2 R D L2 B2;2021-01-06 19:20:27;14.35
516;17.92;;F2 R' B' L F2 U F' U' R2 D2 L2 F D2 R2 B' R2 B' L2 B2;2021-01-06 19:20:54;17.92
517;15.51;;L' D' F' L D' R2 D' R' B' U' R2 B2 L2 D R2 B2 D' L2 U2;2021-01-06 19:21:24;15.51
518;14.42;;R U' R2 U2 R2 U' B2 L2 U F2 U R2 L B F D B' F2 U L U2;2021-01-06 19:21:55;14.42
519;12.01;;D2 R2 U' R2 U2 R2 D B2 R2 F2 B' L D2 U L2 D2 B;2021-01-06 19:22:24;12.01
520;13.28;;R D U' R2 B2 F2 U F2 U R2 U' L U' L2 D2 U' B' F' R2;2021-01-06 19:22:46;13.28
521;12.87;;D2 R2 U' R2 B2 L2 U' B2 U' F2 D F2 B U L F D L' D2 L2 R;2021-01-06 19:23:10;12.87
522;10.16;;D' U2 B' U2 F L2 F U2 L2 U2 B2 L2 D F D2 B F U' L' R';2021-01-06 19:23:34;10.16
523;13.44;;B' R' B R U' B' L' D' L2 U2 F2 L2 F2 R F2 L' U2 F2 B2;2021-01-06 19:24:00;13.44
524;9.85;;U' B2 L2 D L2 R2 U' B2 F L' B' R U' L F' D' U B2;2021-01-06 19:24:30;9.85
525;15.06;;U' B2 L2 F D2 F' D2 U2 L2 F L2 B' U2 L U' B' D' L' D' L F';2021-01-06 19:24:57;15.06
526;15.10;;B U L2 U' R2 F' R D L' F2 B2 U L2 F2 D F2 R2 U F2 D2;2021-01-06 19:25:26;15.10
527;14.31;;F' R' U' D' F L' D' B U' D2 L B2 U2 L' U2 L' B2 L2 U2;2021-01-06 19:25:53;14.31
528;10.98;;B D' F L2 U2 B L2 F' L2 B U2 F U' F2 L' B' R' B' D R';2021-01-06 19:26:30;10.98
529;12.63;;B' D' L' B U' R' D L2 U2 F2 U2 D2 F2 R' L2 B2 L B2 D L;2021-01-06 19:26:55;12.63
530;17.57;;L2 B2 U2 B' L2 D2 U2 B' L2 F L2 D F L F' R U' B' F R F;2021-01-06 19:27:30;17.57
531;15.70;;U F D R' F' D2 B U L D2 R2 F2 L2 F2 R2 U' B2 L2 U F2 U';2021-01-06 19:28:19;15.70
532;13.55;;B D2 R2 U2 B D2 L2 F2 D2 B' R B D R' B' F' U';2021-01-06 19:28:44;13.55
533;15.91;;B2 F2 D2 R2 D L2 B2 D R2 U2 F L U' R2 U' R D2 F D2 R2;2021-01-06 19:29:16;15.91
534;15.26;;U' L2 F2 U2 R2 B2 U' L2 U F2 U' F2 L U L2 U' R B' F2 D L2;2021-01-06 19:29:55;15.26
535;13.94;;F R D2 L2 D' B2 D2 F2 D' R2 B2 F R B2 L' F' U L' D;2021-01-06 19:30:24;13.94
536;13.84;;L2 F2 R' B D B L D F R2 L2 D2 R' F2 R' U2 B2 L F2;2021-01-06 19:30:51;13.84
537;12.55;;L2 F2 U' B2 D' R2 F2 U' B2 U2 R2 B2 F R' D' L D' B' F' L D';2021-01-06 19:31:37;12.55
538;15.12;;F' U2 D' L' U' L' F' B R' U' F2 B2 L2 U F2 D' L2 D B2 D' L;2021-01-06 19:32:07;15.12
539;12.77;;L' F' R' B2 F' R2 U2 B L2 U2 B2 U2 R2 B' L' B U' B R' B2 D';2021-01-06 19:32:35;12.77
540;13.90;;U2 F D2 B' R2 F2 U2 F R2 F2 D2 U F L2 R' F L2 U2 B' D;2021-01-06 19:32:59;13.90
541;10.79;;D2 L U' F2 L2 R2 D B2 U L2 F2 U' F' U' B' F D R2 U' L';2021-01-06 19:33:37;10.79
542;14.18;;B R F L' B' R' L B F2 U' R2 U R2 F2 U2 R2 B2 D' B;2021-01-06 19:34:01;14.18
543;16.26;;F' L U F U L F' U2 L2 U2 F2 L' U2 F2 D2 L2 U2 R L2 D B;2021-01-06 19:34:26;16.26
544;13.29;;R2 D L2 U' R2 D2 L2 F2 R2 F2 U2 L' U2 F' L D' U2 R U2 R F';2021-01-06 19:35:05;13.29
545;15.77;;L2 U F2 D2 R2 U F2 U' B2 U' R2 U R B F2 L' F U L2 U F;2021-01-06 19:35:31;15.77
546;11.56;;U' B' U F L D2 B2 U L' D2 B U2 F L2 F2 B' U2 L2 F2;2021-01-06 19:36:00;11.56
547;11.28;;U' D2 F' D2 B2 U2 L2 D2 B' U2 B2 R2 D R D2 R2 F' D' U2 F';2021-01-06 19:36:25;11.28
548;12.52;;B2 L2 U' R2 U R2 B2 U F2 D L2 F R' B2 U R2 B' R D' F;2021-01-06 19:36:52;12.52
549;11.28;;D2 F2 R2 D' B2 U2 R2 D2 L2 B2 D' L' D2 F' D2 L' F L' R F2 L';2021-01-06 19:37:18;11.28
550;11.43;;U2 L' U' D L2 U2 F' D' B2 D2 R D2 R' U2 B2 R U2 R2 F2 R';2021-01-06 19:37:39;11.43
551;9.91;;F B' R U2 F R' F' U L' D F2 U2 F2 B2 D' F2 D B2 L2 F2;2021-01-06 19:38:05;9.91
552;10.82;;U' L F2 R' B2 L2 U2 R' F2 D2 R' F2 D2 F L' U' F' R2 U2 L;2021-01-06 19:38:29;10.82
553;16.61;;L2 R2 U2 B2 R2 F' R2 B L2 B2 U2 F2 U' R B2 L' R2 D' U' L2;2021-01-06 19:38:53;16.61
554;13.17;;U B2 L2 D2 F2 D' L2 U B2 U' L2 R F2 U2 R2 B' D2 F' L F' U';2021-01-06 19:39:31;13.17
555;14.39;;F2 L2 U F2 D U2 B2 R2 U' L2 B' L' F R D' B' U R' F' R';2021-01-06 19:39:58;14.39
556;12.11;;D2 R2 B2 U L2 D F2 D R2 U2 R F L' U2 R2 F U' R2 B' F;2021-01-06 19:40:31;12.11
557;13.91;;L F' L2 F' R2 F2 R2 B D2 B' F U2 L B' U2 L' D B L2 D B2;2021-01-06 19:41:08;13.91
558;12.21;;R F2 R2 D' L2 U B2 U F2 D2 R2 U' R2 L' D L D2 B' U2 R';2021-01-06 19:41:42;12.21
559;14.29;;F2 D' L2 D U F2 U R2 F L2 R U L' D' L R' U' B;2021-01-06 19:42:06;14.29
560;13.43;;L2 B D2 L2 D2 F2 R2 D' F2 U F2 U R2 U' L U2 R' U' F2 L2 B';2021-01-06 19:42:35;13.43
561;12.60;;B2 U' R2 B2 U B R2 B' F2 L B2 L U2 R B2 U2 L' F2 R D';2021-01-06 19:43:05;12.60
562;12.39;;U' F2 D' R2 U' L2 F2 L2 F2 R2 U F' R B' L2 D' R U' B D';2021-01-06 19:43:28;12.39
563;15.29;;D' F U2 D2 R2 L' U' B' R' F2 R2 D2 F2 L2 D R2 U' B2 D' R2 L2;2021-01-06 19:43:55;15.29
564;16.67;;F' R' B L B U' D F2 R F2 U' F2 B2 R2 U R2 B2 L2 B2 D';2021-01-06 19:44:25;16.67
565;12.59;;L2 B2 D B2 L2 D2 L2 U2 B2 U' F' U2 L2 B2 L' U' R' D R F;2021-01-06 19:45:15;12.59
566;10.92;;U R2 D' B R' F2 D' B R2 L2 U2 L B2 U2 F2 R' D2 R D';2021-01-06 19:45:44;10.92
567;12.18;;R' L2 B' U2 B' L2 D2 F2 L2 D2 B2 L2 B R U R F' L B2 F' U2;2021-01-06 19:46:08;12.18
568;11.50;;R' D L F2 R' F2 U2 R F2 R B2 U2 L B2 F D' R' F2 R' D L';2021-01-06 19:46:41;11.50
569;12.48;;L' D B' L2 U2 B D2 L2 F R2 D2 U2 F L' F' R2 F2 D' R2 B';2021-01-06 19:47:08;12.48
570;12.66;;L B' F2 L B2 R2 B2 F2 L' F2 R2 D2 F2 D' L' U' B L2 B F';2021-01-06 19:47:39;12.66
571;10.72;;F2 D2 L2 R2 U R2 B2 D2 F2 U B' L' B U R F R2 D' B' L';2021-01-06 19:48:06;10.72
572;13.13;;U F L' D B D2 L2 B U2 F2 U L2 F2 D' R2 D' B2 D2 F2 B2 L;2021-01-06 19:48:43;13.13
573;11.87;;R' B R2 L2 D L2 D2 F D2 R2 D2 R F2 L B2 L F2 D2 R U2;2021-01-06 19:49:12;11.87
574;11.30;;B2 D' B2 R' B2 U2 B2 R B2 L2 R' F2 R D' B' R' F2 D B' F;2021-01-06 19:49:39;11.30
575;13.02;;R2 D B2 L2 U' L2 D U L2 R2 F' R2 U B2 L' U' L' F2 U2 R';2021-01-06 19:50:04;13.02
576;9.94;;L2 D2 B' R2 B' L2 B' L2 D2 F2 L2 U2 L' D' B U' L' R' B' F R;2021-01-06 19:50:39;9.94
577;13.35;;R2 B2 L2 R2 B U2 R2 F' D2 F' L2 D' B' L U R' F' R2 B2 L2 U';2021-01-06 19:51:02;13.35
578;11.34;;R' B D U2 R' B2 F2 U2 R U2 L R2 U2 R2 F L' F' L D' F' U2;2021-01-06 19:51:31;11.34
579;11.53;;L2 D2 F L2 R2 F D2 B F2 R2 F2 L' F2 U B' D L R B L2;2021-01-06 19:51:55;11.53
580;12.39;;L' U' B2 F2 D U F2 U R2 F2 U R B' L R' F D B' F2 R';2021-01-06 19:52:34;12.39
581;12.49;;B L' B2 R2 D R2 U' B2 D2 L2 U2 L2 U' L U' L2 B D L' R' B;2021-01-06 19:53:16;12.49
582;16.09;;B2 D' U' F2 L2 F2 U L2 D R2 B2 D' R U2 B' L' F' D B' U' L';2021-01-06 19:53:51;16.09
583;11.72;;R' B R2 D2 B2 R2 D' F2 R2 U2 L2 U' R2 U2 L' F' L D2 U' R' F';2021-01-06 19:54:22;11.72
584;11.63;;L' B R' B2 R2 U' R2 U' L2 U2 B2 D B2 D F D' R' F D B' D2;2021-01-06 19:54:48;11.63
585;15.41;;F R2 B' U2 F' U2 F U2 L2 R2 U' L U2 B' L2 R' U' L' D2;2021-01-06 19:55:09;15.41
586;14.41;;D2 R2 B2 L D2 L D2 R' F2 L D' B L2 D2 R' D2 F2 D F' R2;2021-01-06 19:55:39;14.41
587;13.57;;F L B' D2 L2 D' F' B2 R L2 F L2 B' U2 L2 F U2 B R2;2021-01-06 19:56:03;13.57
588;15.72;;B R D F2 U' F' R' U L F L2 B' U2 B2 D2 R2 B R2 F U2 D2;2021-01-06 19:56:31;15.72
589;15.65;;F' L2 B2 F R2 F D2 L2 R2 B R2 D2 R' U B R2 D R' F';2021-01-06 19:57:00;15.65
590;13.36;;L2 U' L2 F2 D2 F2 D2 L2 F2 U' F2 B' L R2 D2 B' U' L2 D U2 B';2021-01-06 19:57:28;13.36
591;13.74;;B' R2 B' F' R2 U2 R2 U2 B' D2 R2 F D' R B' D' F2 L2 R2 D B2;2021-01-06 19:57:52;13.74
592;14.27;;F D' F2 L2 F2 L' U2 R F2 U2 L' U2 R2 F D L2 F' U' L' F;2021-01-06 19:58:15;14.27
593;11.30;;L2 U' R2 U' F2 L2 F2 L2 D R2 U' R2 F U L2 B R' F' R U2 R;2021-01-06 19:59:43;11.30
594;11.21;;U2 F2 U2 R' F D L F U' L2 D2 L U2 F2 R L2 U2 F2 R' D2;2021-01-06 20:00:11;11.21
595;16.73;;R' B2 F2 U2 R B2 R2 B2 U2 R F2 R F' U' R2 F' D' B2 L2 R' U';2021-01-06 20:00:35;16.73
596;15.10;;F U2 R' U R' L' D' L' B' R2 D' F2 L2 U B2 D' F2 D' F2 U L2;2021-01-06 20:01:07;15.10
597;12.17;;R B D2 L' U R D F' D R2 B2 U2 F U2 B L2 U2 D2 F R2;2021-01-06 20:01:43;12.17
598;14.84;;B U' F' R2 B2 L2 F' D2 U2 F U2 L2 F' D L' R F2 D R2 F' U;2021-01-06 20:02:12;14.84
599;14.62;;B U' B2 L D F' L' R2 D F2 R2 U' B2 L2 B2 D2 R D2;2021-01-06 20:02:39;14.62
600;12.22;;U2 R' B L2 F R2 U F R' F2 D2 F L2 U2 B2 U2 F' R2 B R2 F';2021-01-06 20:03:06;12.22
601;10.70;;U2 B' R D R2 U2 B2 U R2 F2 D F2 D2 F D2 B U' L R' D;2021-01-06 20:03:27;10.70
602;13.78;;F2 U' R B2 U' F2 D' R2 F2 U B2 R2 B2 L' F' U L' D B' F' D';2021-01-06 20:04:58;13.78
603;9.03;;U' D2 F D2 F2 L2 U2 F R2 F U2 B2 D B2 R B2 D2 R2 D L2;2021-01-06 20:05:26;9.03
604;12.40;;B2 U' L B' R F' U' D2 F D2 F' U2 L2 U2 F' B' R2 B2 R F';2021-01-06 20:05:52;12.40
605;10.49;;D' F' B2 U2 R U2 B2 L' B2 L2 F2 R U2 F D U2 R' U2 F D2;2021-01-06 20:06:29;10.49
606;13.61;;F2 L2 F R U2 F2 D2 R2 U2 L F2 U2 R' D' R F R2 U L R';2021-01-06 20:06:51;13.61
607;10.14;;R F2 U R B D2 R2 L D L2 F2 R2 B' U2 F R2 F' L2 F' L2 F';2021-01-06 20:07:18;10.14
608;10.98;;B' L' F R' D2 L2 U2 L B2 U2 B2 L D2 F D R U F' D' B';2021-01-06 20:07:44;10.98
609;11.98;;F2 D2 R2 D' R2 B2 U' F2 R2 U2 B2 D2 F L' D' L U R' B2 D2 R;2021-01-06 20:08:06;11.98
610;16.65;;D2 B2 U2 L2 R2 F U2 F' R2 B F' D' L2 R B2 F' D U' R' B2 L;2021-01-06 20:08:34;16.65
611;14.58;;B U' F2 L U2 F2 L' F2 R F2 L' D2 B2 L2 F' L' R D B2 F' R2;2021-01-06 20:09:06;14.58
612;15.17;;B D' F' D' F2 U' L2 F2 R2 D B2 L2 D2 F2 R' D B' R D2 B2 U2;2021-01-06 20:09:36;15.17
613;12.95;;D R2 B2 R2 U' B2 U2 F2 D L2 F L2 R D U L U' R2 D2 L2 F;2021-01-06 20:10:02;12.95
614;15.16;;F2 U2 B D2 B R2 B' D2 B U2 R2 F' D' B R F2 L2 U' R' U;2021-01-06 20:10:37;15.16
615;12.53;;R2 D2 F' R2 F' U2 F2 U2 L2 F' U2 D R B2 U R' B R D F2;2021-01-06 20:11:08;12.53
616;11.85;;R D R2 D F2 R2 B2 U' R2 U' L2 U F' D B2 U R' B' U2 F2 L';2021-01-06 20:11:37;11.85
617;13.03;;F2 U B2 L' D2 L B2 U2 B2 R U2 R' U2 B' R' U' R F L2 U;2021-01-06 20:12:06;13.03
618;12.72;;F L2 D2 L2 R2 F2 D' B2 D' F2 R2 U F2 L' F' U' B' F2 D' B U2;2021-01-06 20:12:32;12.72
619;13.30;;B R D' L2 B L B2 U' F U' R2 U L2 D B2 L2 B2 D' L2 U' L2;2021-01-06 20:13:02;13.30
620;14.06;;R' F U D2 B' L2 U L2 U2 D2 R B2 L F2 D2 L F2 D2 F' R2;2021-01-06 20:13:31;14.06
621;14.09;;U2 F D2 F R2 U2 B2 U2 B D2 B' U F2 D' L2 R' D2 U R;2021-01-06 20:13:55;14.09
622;13.91;;D2 L2 D B2 L F R2 D L2 B' U2 F R2 B L2 F' R2 F2;2021-01-06 20:14:29;13.91
623;12.28;;U2 L D2 B2 D2 F2 L2 B2 R2 U2 R' F' R2 U F' R B U2 F';2021-01-06 20:14:58;12.28
624;12.14;;B' D' B2 L2 R2 U F2 D U' F2 L2 F2 U2 B' D2 L U' B2 D2 B;2021-01-06 20:15:24;12.14
625;13.87;;B D F' B' D2 R' U' B' D2 F' U2 R2 F R2 F2 R2 F' D2 F U R';2021-01-06 20:15:48;13.87
626;13.45;;F B U' F2 L' F2 D B U2 L2 U2 R2 F L2 F' R2 D2 B' U2 D;2021-01-06 20:16:16;13.45
627;14.46;;R2 B D2 U2 R2 B' L2 F' U2 F D2 R F L D' F' D2 B2 U' L U2;2021-01-06 20:16:48;14.46
628;15.93;;L2 D2 B R2 U2 B' F2 U2 B L2 B2 F' R' D2 L F' R' U B U B;2021-01-06 20:17:18;15.93
629;14.33;;F2 B' D2 L' B R' B U' R2 F2 R D2 R B2 D2 R' F2 R B;2021-01-06 20:17:46;14.33
630;9.90;;D2 F U2 L2 B2 R2 U2 F2 R2 D2 L F R' U R D2 B2 F R';2021-01-06 20:18:13;9.90
631;9.84;;B' D' U' F2 L2 D' L2 B2 U B2 U2 R' B2 L' B' L2 D2 R2 D F;2021-01-06 20:18:43;9.84
632;11.98;;U' L2 U' L2 B2 D2 B2 D L2 F2 U B L' F L' D2 L D2 R2;2021-01-06 20:19:06;11.98
633;13.77;;U B' U R' F' D' R2 L2 F' R' U2 F2 L' B2 R' D2 F2 D2 B2 R F2;2021-01-06 20:19:43;13.77
634;15.90;;B2 U' B U2 R2 F' U2 F' L2 B' L2 F L2 U' R2 U' F2 L' R U L2;2021-01-06 20:20:31;15.90
635;12.81;;U' B' R' L D' L U L' U2 R2 B D2 L2 B2 L2 F U2 B' L2;2021-01-06 20:20:58;12.81
636;8.67;;L F2 L2 B' L U' L F D2 R2 D2 R2 L' B2 R B2 D2 B2 L';2021-01-06 20:21:31;8.67
637;13.24;;D' F U' B R' F' L D2 B' F2 U2 R2 B2 D2 L2 B2 R2 U' R2 U' B2;2021-01-06 20:22:44;13.24
638;13.97;;B2 D2 L F2 R U2 L' F2 D2 B2 D2 R2 U B' L D2 R D' L D' F;2021-01-06 20:23:08;13.97
639;12.45;;L2 U2 R2 B2 R2 B L2 F' U2 L2 B R' B F2 L2 B' U' L R2 D L';2021-01-06 20:23:36;12.45
640;11.67;;D' L2 B2 U2 R2 U2 B' D2 F' U2 F L' F' U' F L2 D U R';2021-01-06 20:24:06;11.67
641;10.92;;D R2 U2 D2 B' R' D' B' U2 F2 D' B2 U2 L2 B2 R2 F2 D' F2 L2;2021-01-06 20:24:34;10.92
642;11.98;;R2 B2 U R2 B2 U2 F2 R2 D' B' U' B R' B' U R' B2 L';2021-01-06 20:24:56;11.98
643;16.83;;U' B D B U2 R2 B' L B2 R2 L2 D2 B2 R2 D F2 D B2 D2 B2;2021-01-06 20:25:22;16.83
644;10.69;;U L F2 R' B2 L D2 R U2 R F2 L2 D2 F' D R2 F' R D2 R' U2;2021-01-06 20:26:22;10.69
645;11.90;;U2 F2 D2 B R2 F' L2 D2 L2 B2 R D2 R F2 D U' R U F;2021-01-06 20:26:57;11.90
646;10.38;;R' D' F B L' F L' F2 R' B2 L2 D2 B' U2 F L2 D2 B2 L2 D2;2021-01-06 20:27:20;10.38
647;11.13;;D' B2 U2 L2 F L2 B2 R2 B2 R2 U2 L' F U2 R2 F' R' F;2021-01-06 20:27:44;11.13
648;14.32;;R' U' R2 F2 R' F D R F2 D2 L2 D R2 U' R2 B2 U2 D' R2 F;2021-01-06 20:28:10;14.32
649;12.31;;U' D2 F L2 F L2 F2 U2 B' U2 L2 F' D U' B L' R' F D2 F L;2021-01-06 20:28:38;12.31
650;12.79;;F R' D' L' B2 R' B F2 D F2 D2 L2 B2 R2 B2 D' F2 R2 D L;2021-01-06 20:29:05;12.79
651;14.09;;R' L' U2 B R U' R' L' F' U2 F2 U L2 F2 R2 U2 F2 U' R2 D';2021-01-06 20:29:35;14.09
652;13.88;;F D' L B' U2 L' D F2 R2 U2 B' D2 F' U2 B L2 B U2 L' F;2021-01-06 20:30:04;13.88
653;13.62;;D2 B' R2 F2 U2 R2 B' D2 F U2 F R' D U2 F R B2 D2 R U2;2021-01-06 20:30:29;13.62
654;15.38;;U' L' F' D2 B L2 F2 U2 L2 F U2 B' L2 F' D' U2 B' L R2 U' R;2021-01-06 20:31:01;15.38
655;13.24;;F' U' F' B2 U' R2 U D2 F R U2 R2 D2 L' D2 B2 R2 L' B2 U2 R;2021-01-06 20:31:38;13.24
656;10.75;;B2 R2 L2 B' L F L2 D R2 B2 U2 D2 B' L2 B L2 D2 F U';2021-01-06 20:32:05;10.75
657;11.58;;D L F' U2 B' D2 B' D2 R2 F' R2 F' L2 R' F2 U' F' D2 L2 R U';2021-01-06 20:32:39;11.58
658;14.56;;L' B2 R2 U2 L2 U B2 L2 B2 R2 U2 R2 F' D R' F' L U F;2021-01-06 20:33:04;14.56
659;13.08;;F R2 U2 B D2 R2 F2 D2 F' U2 L2 U' R F2 D L2 D U' B' D';2021-01-06 20:33:30;13.08
660;11.33;;R2 U L' D2 L2 U' F2 U2 R2 D' B2 U F2 L2 B' U2 F2 L' D B R;2021-01-06 20:33:53;11.33
661;12.37;;B2 R2 B' R2 B D2 B' F D2 F' L D' U R U B' F' D2 R U2;2021-01-06 20:34:17;12.37
662;13.30;;L2 U2 R2 U2 B2 F2 R2 U2 B' U2 L' D2 U F U2 L' B R' B' F2;2021-01-06 20:34:41;13.30
663;12.63;;U R U2 B D2 U2 R2 F' D2 B' F2 D2 U2 R U2 L D L F2 L;2021-01-06 20:35:07;12.63
664;11.84;;F2 R D2 R' B2 R D2 L D2 U2 F2 L2 B F2 U R2 B U2 B2 U R2;2021-01-06 20:35:38;11.84
665;11.75;;F2 D B2 U R D L B' R F2 U2 F2 U2 B U2 D2 R2 F' L2 D2 B;2021-01-06 20:36:08;11.75
666;11.52;;R' U' L2 D B2 F2 L2 R2 D2 B2 D' R B D' L' D L U' R F;2021-01-06 20:36:30;11.52
667;13.85;;U F U2 B' D' R U' B R B2 L2 D R2 U' D2 B2 R2 U F2 L2 F2;2021-01-06 20:36:58;13.85
668;18.26;;R2 B' D' B L' U' B D' L U2 L2 F B2 R2 L2 F U2 B' L2 U2;2021-01-06 20:37:23;18.26
669;11.69;;D' B' U2 L F2 R2 F2 U2 F2 U2 L U2 R D' L' R2 B U B D';2021-01-06 20:38:01;11.69
670;9.96;;R2 B2 R2 F2 D' B2 D' R2 U2 R2 F2 D2 F' R D2 B' L R B U' F2;2021-01-06 20:38:33;9.96
671;12.27;;U' L2 D' F2 L2 U L2 B2 D F2 D F U B2 L2 R F' R2 D L D';2021-01-06 20:39:00;12.27
672;11.05;;F' L2 B' U2 L2 B' R2 D2 B' D2 B R F' R2 F' L' U' L R B;2021-01-06 20:39:32;11.05
673;13.65;;L2 D2 F D2 B2 F' L2 F' D2 F' D2 B2 U' R2 D2 B L' D2 B F2;2021-01-06 20:39:58;13.65
674;12.45;;D' L' U' F U' D2 R U' F R2 F2 L' F2 L' D2 R2 B2 R B2 R2 F2;2021-01-06 20:40:35;12.45
675;13.56;;F2 R F L2 F L D' L' U' R' L U2 R2 L U2 B2 L D2 F2 D2;2021-01-06 20:40:58;13.56
676;13.28;;B R U' R2 F2 U' B2 L2 U2 R2 D U2 R2 B' L2 B' L' U' R2 F D;2021-01-06 20:41:28;13.28
677;10.76;;L' D' F' R' D' F2 L B D F2 R2 D2 R2 B2 L D2 B2 U2 L2 D2;2021-01-06 20:42:05;10.76
678;13.42;;D' U2 L2 D2 B' L2 F2 R2 D2 R2 B R2 F2 D' F U2 B2 L' F L D2;2021-01-06 20:42:34;13.42
679;12.91;;B L2 F2 L2 B2 U R2 U R2 U2 L2 B' L2 F D2 R D' R' F2;2021-01-06 20:42:58;12.91
680;14.56;;L U L2 F D L B2 R L2 U2 L2 U B2 D B2 L2 D' B2 L2 B;2021-01-06 20:43:25;14.56
681;17.15;;R' F U' D' R2 F' U' F D2 L U2 L D2 B2 R' L B2 L B';2021-01-06 20:44:09;17.15
682;15.25;;F U2 R L' F U F R' B2 R2 F2 B2 U B2 L2 D B2 U F2 D2;2021-01-06 20:44:37;15.25
683;12.91;;F' L2 D' L2 U2 L2 U R2 D B2 L2 U L2 R F R2 U R' D B2;2021-01-06 20:45:03;12.91
684;13.16;;B2 L U2 B2 R D2 F2 L R F U F' L' U R U R F;2021-01-06 20:45:28;13.16
685;12.79;;F' U2 F2 L2 F L2 U2 F U2 B' D2 U B R2 F' D' L2 R' D2 L;2021-01-06 20:45:53;12.79
686;13.94;;F2 D2 R2 B2 F2 U R2 U2 B2 L2 F2 U2 F' D2 U B R2 U2 B' R' B;2021-01-06 20:46:17;13.94
687;11.85;;R' F2 L' B' D F R2 F2 L U2 D2 B R2 U2 F2 D2 B R2 U2 B D2;2021-01-06 20:46:45;11.85
688;13.63;;F2 U2 L2 F2 L D2 R B2 U2 R' U2 L' D R' B L R' B' U F2 D2;2021-01-06 20:47:12;13.63
689;12.87;;B' U B2 D2 B2 L2 U2 L2 D' B2 R2 B' U F' D U' L B2 F2;2021-01-06 20:47:39;12.87
690;10.70;;F' L2 U2 F' L2 B' R2 B' F L2 U2 D B L' R F' U2 R2 F' R2 D;2021-01-06 20:48:10;10.70
691;11.76;;B2 D2 R2 U2 L2 R2 F2 D' L2 F2 L F' R B2 D' R' F2 U2 L2;2021-01-06 20:48:32;11.76
692;14.25;;R2 D2 B F D2 F' L2 U2 R2 F R2 L D2 B U B F2 D2 B U F';2021-01-06 20:48:53;14.25
693;12.20;;B' R' F' D2 R2 D2 L2 B2 D2 F' D2 F D2 L2 U B' R U' R U2 B;2021-01-06 20:49:28;12.20
694;14.74;;L2 R2 B L2 F U2 B' L2 D2 F D R D2 L U' B2 D' R' D2 B';2021-01-06 20:50:02;14.74
695;14.51;;R U F U2 F2 D' U' B2 L2 B2 D B2 U' L2 R B' U B' D F2 L2;2021-01-06 20:50:35;14.51
696;12.50;;R D U2 R2 D2 U' R2 B2 D' R' F L U' B F2 D' B' R;2021-01-06 20:51:05;12.50
697;11.99;;F2 L2 D' L2 U L2 D' R2 U2 L2 F' R' D' B' U2 L2 D2 L2 R' U';2021-01-06 20:51:31;11.99
698;15.06;;F U L2 U2 D L' F D2 B L2 U D2 L2 D F2 L2 B2 D2 L2 U';2021-01-06 20:51:57;15.06
699;14.97;;D2 B2 D2 U2 F' D2 B F U2 F L2 U L' D' U L' R2 D L U';2021-01-06 20:52:26;14.97
700;13.59;;F2 R' L2 D' F2 D' L2 D2 R2 U' R2 U' L B' L' D' L F' U';2021-01-06 20:52:51;13.59
701;13.07;;R' B2 R2 F2 U2 L B2 F2 U2 R' B2 F R B2 U' R' D2 F' D F2;2021-01-06 20:53:18;13.07
702;13.17;;B2 L2 F R2 F2 U2 B' D2 L2 B2 U2 R' B U' F' D' R' D2 B2 D2 F';2021-01-06 20:53:46;13.17
703;12.33;;F2 D2 B2 R' F2 R2 D2 L' D2 L' D2 R U B2 L U R B L2 R' D;2021-01-06 20:54:10;12.33
704;14.17;;U2 F2 R2 D B2 L2 U' B2 U' R2 B2 F2 L' D' L F' L' B D2 L D';2021-01-06 20:54:54;14.17
705;14.88;;F' U' R' L B U D2 B U2 L2 B' L2 F D2 B' R2 B' D B;2021-01-06 20:55:21;14.88
706;15.98;;F2 D' L2 B2 R2 F2 U F2 D2 B D R' U' F R U' B U2 R;2021-01-06 20:55:50;15.98
707;16.37;;L2 U' R2 U F2 D2 U' L2 F2 U2 R2 B2 R F D' L' U2 B' D' B' F';2021-01-06 20:56:17;16.37
708;15.82;;D2 F D2 B' L2 B' D2 U2 B F2 L2 R U L2 F' D' L B' F' L' U2;2021-01-06 20:56:54;15.82
709;12.47;;R' D' R2 U F2 D' R2 D F2 D' B D' R' D2 B F D U' L;2021-01-06 20:57:26;12.47
710;14.84;;D' B' F2 D2 F L2 B' R2 D2 R2 B' R D L2 B' D' B' D' R';2021-01-06 20:57:52;14.84
711;13.79;;D L F' D R D' F U' B2 L2 D' F2 R2 U' R2 U F2 B D;2021-01-06 20:58:17;13.79
712;13.95;;R F' U D2 L F D L D2 B2 L2 F2 R2 U2 R' F2 D2 R2 U2 F U2;2021-01-06 20:58:42;13.95
713;12.31;;U D2 L2 R2 B' R2 U2 F2 R2 U2 F2 U2 F2 D' R' F' L B L U' L';2021-01-06 20:59:14;12.31
714;14.98;;D R2 D L2 U F2 U' L2 D' R2 U R' U2 L2 B2 D' B L B2 R' D';2021-01-06 20:59:38;14.98
715;11.32;;B D F R F2 D' F' B2 D2 R2 B2 D' R2 D B2 R2 U R2 U2 L;2021-01-06 21:00:05;11.32
716;15.94;;D2 L F2 D2 U2 L' D2 F2 U2 L2 D L2 U' R' U' F' U B U';2021-01-06 21:00:27;15.94
717;12.23;;L' B' R' F2 U2 F2 D2 L2 D2 L2 F' R2 D2 R2 U L' D' B2 D2 R F;2021-01-06 21:00:57;12.23
718;10.84;;L U2 R2 B' D2 R2 U2 B2 R2 B R2 L F2 D B2 L R' B' F2;2021-01-06 21:01:20;10.84
719;12.60;;U' L2 D2 B D2 U2 L2 B' D2 B U2 R2 B D' L R2 U F' R' B' F;2021-01-06 21:01:45;12.60
720;13.23;;B2 L D2 R2 F L2 F' U2 B2 R2 D2 B R2 F2 L' F2 D L' D U2 F';2021-01-06 21:02:06;13.23
721;12.98;;L F' D' R2 F L' U' R' B2 R2 D2 L' U2 R' F2 L F2 R2 B' D';2021-01-06 21:02:32;12.98
722;13.06;;B L2 F2 R F2 L' U2 L2 B2 R2 U2 F2 D' B R B L U' R';2021-01-06 21:02:54;13.06
723;12.28;;U' L2 B2 L F2 R D2 F2 R2 F2 U2 B2 L U L' U2 B R2 D2 L U';2021-01-06 21:03:22;12.28
724;12.65;;U' L2 B2 D2 F2 U' L2 U2 F2 R2 U2 L U2 R B' D' F' L' R F' R2;2021-01-06 21:03:52;12.65
725;13.88;;B2 D' B2 U F2 U2 L2 U' R2 U2 F' L2 B R2 B2 D' F2 R' U2 L2;2021-01-06 21:04:15;13.88
726;14.74;;U2 L2 F2 R2 U2 F2 U2 F2 L B2 L F D' B U2 R2 F U' L' D' F;2021-01-06 21:04:43;14.74
727;11.44;;R' U R2 F U' R2 L' B' R' D2 B2 L2 D' R2 B2 R2 U' B2 U' F2 B2;2021-01-06 21:05:11;11.44
728;14.62;;L B2 F2 U2 L U2 R B2 R' D2 B2 U R2 D2 L F' U R D2 U;2021-01-06 21:05:35;14.62
729;10.79;;F2 D F2 D' R2 F2 U' F2 R2 U' F2 L' U' F L' D' R B' F' L' D2;2021-01-06 21:06:06;10.79
730;10.95;;U F2 R2 F R L' D' L F U2 B2 D' F2 L2 B2 U R2 D' F2 U2 B2;2021-01-06 21:06:28;10.95
731;12.91;;F D2 L2 B2 L2 U2 L2 B' L2 B R2 F L' D' R' F L R2 F U';2021-01-06 21:06:53;12.91
732;14.98;;L B2 L B2 R' U2 L' D2 U2 F2 R' B2 D' R' F' L' D B U' F R;2021-01-06 21:07:24;14.98
733;11.04;;B2 D' B2 F2 L2 D R2 D2 F2 D2 U' F R2 D L' R' D2 F D' U R2;2021-01-06 21:07:52;11.04
734;13.47;;B2 F2 R2 D' B2 U' F2 D L2 D2 F2 L' U' R2 F' D' L D2 B L';2021-01-06 21:08:16;13.47
735;13.20;;D U2 B2 D2 R B2 F2 D2 L' R2 F R' U R' F2 L' R2 U';2021-01-06 21:08:40;13.20
736;11.39;;F2 D2 L2 B F2 U2 L2 B L2 R2 F2 L R' F' L U R2 F2 R D F';2021-01-06 21:09:05;11.39
737;15.20;;L B' R L U' R2 L U B' F2 D2 F2 L2 B2 U' F2 U L2 D' B2;2021-01-06 21:09:31;15.20
738;12.04;;B' U' L' D2 U2 R' F2 L' B2 R2 F2 L D2 B' R2 B D2 F L2 R';2021-01-06 21:09:57;12.04
739;13.11;;U' F2 L2 B2 D2 R2 F2 U2 L' D2 L' U2 B' D U2 F' R' F2 L B';2021-01-06 21:10:19;13.11
740;15.29;;U2 F' L2 D2 B D2 R2 F D2 R2 D R' B F' L' F2 D' R U;2021-01-06 21:10:42;15.29
741;11.02;;B' U2 B2 U2 L2 B' F2 D2 F' D2 L2 F2 L' U' F' R' U' R B F2 R2;2021-01-06 21:11:09;11.02
742;10.97;;U' F2 L F L F2 D B L U F2 D' B2 L2 U R2 U2 R2 B2 L2;2021-01-06 21:11:38;10.97
743;16.86;;U2 B D B2 U F U2 D F D2 R2 D2 R' U2 L' U2 L2 D2 R D2;2021-01-06 21:12:04;16.86